Gfx mario_shell_metal_rgba16_aligner[] = {gsSPEndDisplayList()};
u8 mario_shell_metal_rgba16[] = {
	0x00, 0x01, 0x00, 0x01, 0x00, 0x01, 0x00, 0x01, 
	0x00, 0x01, 0x00, 0x01, 0x00, 0x01, 0x00, 0x01, 
	0x00, 0x01, 0x00, 0x01, 0x00, 0x01, 0x00, 0x01, 
	0x00, 0x01, 0x00, 0x01, 0x00, 0x01, 0x00, 0x01, 
	0x00, 0x01, 0x00, 0x01, 0x00, 0x01, 0x00, 0x01, 
	0x00, 0x01, 0x00, 0x01, 0x00, 0x01, 0x00, 0x01, 
	0x00, 0x01, 0x00, 0x01, 0x00, 0x01, 0x00, 0x01, 
	0x08, 0x01, 0x08, 0x43, 0x10, 0x43, 0x08, 0x43, 
	0x08, 0x43, 0x08, 0x43, 0x18, 0x85, 0x10, 0x83, 
	0x08, 0x43, 0x08, 0x01, 0x00, 0x03, 0x08, 0x01, 
	0x00, 0x01, 0x00, 0x01, 0x00, 0x01, 0x00, 0x01, 
	0x00, 0x01, 0x00, 0x01, 0x00, 0x01, 0x00, 0x01, 
	0x00, 0x01, 0x00, 0x01, 0x00, 0x01, 0x00, 0x01, 
	0x00, 0x01, 0x00, 0x01, 0x00, 0x01, 0x00, 0x01, 
	0x00, 0x01, 0x00, 0x01, 0x00, 0x01, 0x00, 0x01, 
	0x00, 0x01, 0x00, 0x01, 0x00, 0x01, 0x00, 0x01, 
	0x00, 0x01, 0x00, 0x01, 0x00, 0x01, 0x00, 0x01, 
	0x00, 0x01, 0x00, 0x01, 0x00, 0x01, 0x00, 0x01, 
	0x00, 0x01, 0x00, 0x01, 0x00, 0x01, 0x00, 0x01, 
	0x00, 0x01, 0x00, 0x01, 0x00, 0x01, 0x00, 0x01, 
	0x00, 0x01, 0x00, 0x01, 0x00, 0x01, 0x00, 0x01, 
	0x00, 0x01, 0x00, 0x03, 0x08, 0x41, 0x08, 0x43, 
	0x08, 0x43, 0x08, 0x43, 0x08, 0x43, 0x10, 0x43, 
	0x10, 0x85, 0x10, 0x43, 0x18, 0x85, 0x10, 0x85, 
	0x10, 0x43, 0x10, 0x43, 0x10, 0x85, 0x21, 0x07, 
	0x31, 0x49, 0x31, 0x4b, 0x31, 0x47, 0x31, 0x49, 
	0x29, 0x07, 0x20, 0xc7, 0x18, 0x83, 0x10, 0x43, 
	0x08, 0x41, 0x00, 0x01, 0x00, 0x01, 0x00, 0x01, 
	0x00, 0x01, 0x00, 0x01, 0x00, 0x01, 0x00, 0x01, 
	0x00, 0x01, 0x00, 0x01, 0x00, 0x01, 0x00, 0x01, 
	0x00, 0x01, 0x00, 0x01, 0x00, 0x01, 0x00, 0x01, 
	0x00, 0x01, 0x00, 0x01, 0x00, 0x01, 0x00, 0x01, 
	0x00, 0x01, 0x00, 0x01, 0x00, 0x01, 0x00, 0x01, 
	0x00, 0x01, 0x00, 0x01, 0x00, 0x01, 0x00, 0x01, 
	0x00, 0x01, 0x00, 0x01, 0x00, 0x01, 0x00, 0x01, 
	0x00, 0x01, 0x00, 0x01, 0x00, 0x01, 0x00, 0x01, 
	0x00, 0x01, 0x08, 0x43, 0x10, 0x85, 0x18, 0xc7, 
	0x21, 0x07, 0x18, 0xc7, 0x10, 0x83, 0x18, 0x85, 
	0x18, 0x85, 0x18, 0x87, 0x18, 0x87, 0x10, 0x87, 
	0x08, 0x45, 0x10, 0x87, 0x10, 0x87, 0x10, 0x43, 
	0x00, 0x03, 0x08, 0x43, 0x00, 0x03, 0x08, 0x43, 
	0x00, 0x01, 0x10, 0x43, 0x08, 0x43, 0x10, 0xc5, 
	0x20, 0x85, 0x19, 0x07, 0x20, 0xc5, 0x29, 0x07, 
	0x29, 0x05, 0x20, 0xc5, 0x10, 0x43, 0x10, 0x43, 
	0x08, 0x01, 0x00, 0x01, 0x00, 0x01, 0x00, 0x01, 
	0x00, 0x01, 0x00, 0x01, 0x00, 0x01, 0x00, 0x01, 
	0x00, 0x01, 0x00, 0x01, 0x00, 0x01, 0x00, 0x01, 
	0x00, 0x01, 0x00, 0x01, 0x00, 0x01, 0x00, 0x01, 
	0x00, 0x01, 0x00, 0x01, 0x00, 0x01, 0x00, 0x01, 
	0x00, 0x01, 0x00, 0x01, 0x00, 0x01, 0x00, 0x01, 
	0x00, 0x01, 0x00, 0x01, 0x00, 0x01, 0x00, 0x01, 
	0x00, 0x01, 0x08, 0x43, 0x10, 0x45, 0x21, 0x49, 
	0x39, 0x8d, 0x31, 0x8b, 0x31, 0x4b, 0x29, 0x49, 
	0x18, 0x87, 0x10, 0x83, 0x08, 0x43, 0x08, 0x01, 
	0x08, 0x03, 0x08, 0x03, 0x08, 0x03, 0x00, 0x41, 
	0x00, 0x01, 0x08, 0x03, 0x10, 0x03, 0x08, 0x03, 
	0x00, 0x01, 0x08, 0x43, 0x00, 0x41, 0x00, 0x03, 
	0x00, 0x01, 0x00, 0x01, 0x08, 0x01, 0x00, 0x01, 
	0x00, 0x01, 0x00, 0x01, 0x00, 0x01, 0x08, 0x41, 
	0x00, 0x01, 0x10, 0x83, 0x10, 0x43, 0x10, 0x83, 
	0x20, 0x85, 0x20, 0x85, 0x10, 0x83, 0x08, 0x01, 
	0x00, 0x01, 0x00, 0x01, 0x00, 0x01, 0x00, 0x01, 
	0x00, 0x01, 0x00, 0x01, 0x00, 0x01, 0x00, 0x01, 
	0x00, 0x01, 0x00, 0x01, 0x00, 0x01, 0x00, 0x01, 
	0x00, 0x01, 0x00, 0x01, 0x00, 0x01, 0x00, 0x01, 
	0x00, 0x01, 0x00, 0x01, 0x00, 0x01, 0x00, 0x01, 
	0x00, 0x01, 0x00, 0x01, 0x00, 0x01, 0x08, 0x43, 
	0x29, 0x4b, 0x63, 0x19, 0x62, 0x95, 0x41, 0xcd, 
	0x28, 0xc7, 0x28, 0xc9, 0x18, 0x83, 0x08, 0x43, 
	0x08, 0x43, 0x10, 0x41, 0x08, 0x03, 0x10, 0x01, 
	0x08, 0x01, 0x08, 0x01, 0x08, 0x43, 0x10, 0x03, 
	0x18, 0x03, 0x20, 0x85, 0x10, 0x01, 0x08, 0x01, 
	0x08, 0x01, 0x08, 0x03, 0x20, 0x43, 0x10, 0x43, 
	0x10, 0x03, 0x08, 0x01, 0x00, 0x01, 0x08, 0x01, 
	0x00, 0x01, 0x00, 0x01, 0x00, 0x01, 0x00, 0x01, 
	0x00, 0x01, 0x00, 0x01, 0x08, 0x43, 0x08, 0x43, 
	0x00, 0x01, 0x10, 0x43, 0x28, 0xc5, 0x31, 0x09, 
	0x20, 0x85, 0x08, 0x43, 0x00, 0x01, 0x00, 0x01, 
	0x00, 0x01, 0x00, 0x01, 0x00, 0x01, 0x00, 0x01, 
	0x00, 0x01, 0x00, 0x01, 0x00, 0x01, 0x00, 0x01, 
	0x00, 0x01, 0x00, 0x01, 0x00, 0x01, 0x00, 0x01, 
	0x00, 0x01, 0x00, 0x01, 0x00, 0x01, 0x00, 0x01, 
	0x00, 0x01, 0x08, 0x43, 0x21, 0x09, 0x4a, 0x51, 
	0x62, 0xd3, 0x72, 0xd7, 0x5a, 0x13, 0x69, 0xd3, 
	0x49, 0x4f, 0x28, 0x87, 0x10, 0x41, 0x08, 0x01, 
	0x08, 0x01, 0x08, 0x01, 0x08, 0x01, 0x08, 0x01, 
	0x10, 0x01, 0x08, 0x03, 0x10, 0x01, 0x18, 0x03, 
	0x20, 0x45, 0x48, 0x89, 0x28, 0x43, 0x08, 0x01, 
	0x10, 0x03, 0x10, 0x41, 0x18, 0x03, 0x10, 0x03, 
	0x10, 0x01, 0x08, 0x01, 0x10, 0x01, 0x08, 0x01, 
	0x10, 0x01, 0x08, 0x01, 0x00, 0x01, 0x00, 0x01, 
	0x00, 0x01, 0x10, 0x41, 0x08, 0x41, 0x08, 0x43, 
	0x08, 0x41, 0x08, 0x01, 0x08, 0x43, 0x20, 0x83, 
	0x31, 0x09, 0x38, 0xc9, 0x20, 0x87, 0x00, 0x41, 
	0x00, 0x01, 0x00, 0x01, 0x00, 0x01, 0x00, 0x01, 
	0x00, 0x01, 0x00, 0x01, 0x00, 0x01, 0x00, 0x01, 
	0x00, 0x01, 0x00, 0x01, 0x00, 0x01, 0x00, 0x01, 
	0x00, 0x01, 0x00, 0x01, 0x00, 0x01, 0x00, 0x01, 
	0x18, 0x85, 0x52, 0x95, 0x83, 0x5b, 0x82, 0x97, 
	0x7a, 0x57, 0x93, 0x61, 0x9b, 0xa5, 0x93, 0xa5, 
	0x6a, 0x17, 0x40, 0xcb, 0x10, 0x43, 0x08, 0x01, 
	0x08, 0x01, 0x00, 0x01, 0x08, 0x01, 0x08, 0x01, 
	0x08, 0x01, 0x10, 0x03, 0x10, 0x01, 0x08, 0x03, 
	0x10, 0x43, 0x20, 0x03, 0x08, 0x43, 0x08, 0x01, 
	0x08, 0x01, 0x08, 0x43, 0x18, 0x03, 0x10, 0x43, 
	0x08, 0x01, 0x10, 0x01, 0x08, 0x01, 0x08, 0x01, 
	0x10, 0x01, 0x10, 0x03, 0x10, 0x41, 0x00, 0x01, 
	0x08, 0x03, 0x18, 0x81, 0x18, 0x83, 0x21, 0x03, 
	0x31, 0x05, 0x18, 0x81, 0x08, 0x43, 0x18, 0xc3, 
	0x31, 0x09, 0x39, 0x8b, 0x31, 0x07, 0x39, 0x0b, 
	0x18, 0x85, 0x00, 0x01, 0x00, 0x01, 0x00, 0x01, 
	0x00, 0x01, 0x00, 0x01, 0x00, 0x01, 0x00, 0x01, 
	0x00, 0x01, 0x00, 0x01, 0x00, 0x01, 0x00, 0x01, 
	0x00, 0x01, 0x00, 0x01, 0x00, 0x01, 0x28, 0xc7, 
	0x62, 0x13, 0x8a, 0x57, 0x92, 0x59, 0x91, 0xd3, 
	0xac, 0x27, 0xbd, 0x33, 0xb4, 0xad, 0x9c, 0x27, 
	0x49, 0x51, 0x10, 0x01, 0x00, 0x03, 0x08, 0x01, 
	0x08, 0x41, 0x08, 0x01, 0x00, 0x01, 0x08, 0x01, 
	0x08, 0x01, 0x08, 0x01, 0x08, 0x01, 0x08, 0x03, 
	0x08, 0x01, 0x00, 0x01, 0x08, 0x03, 0x08, 0x03, 
	0x08, 0x01, 0x00, 0x41, 0x00, 0x03, 0x00, 0x01, 
	0x08, 0x01, 0x00, 0x01, 0x00, 0x01, 0x00, 0x01, 
	0x08, 0x01, 0x00, 0x01, 0x08, 0x41, 0x08, 0x01, 
	0x28, 0xc7, 0x6a, 0xd1, 0x52, 0x0b, 0x39, 0x87, 
	0x31, 0x03, 0x39, 0x45, 0x41, 0xc9, 0x31, 0x85, 
	0x41, 0xc9, 0x5a, 0x8d, 0x41, 0x8b, 0x21, 0x07, 
	0x51, 0x8f, 0x39, 0x0b, 0x00, 0x01, 0x00, 0x01, 
	0x00, 0x01, 0x00, 0x01, 0x00, 0x01, 0x00, 0x01, 
	0x00, 0x01, 0x00, 0x01, 0x00, 0x01, 0x00, 0x01, 
	0x00, 0x01, 0x08, 0x01, 0x39, 0x4d, 0x79, 0xd7, 
	0x92, 0x13, 0xa3, 0x13, 0xab, 0x93, 0xb3, 0xdf, 
	0xb4, 0xad, 0xa4, 0x6b, 0x6a, 0x9d, 0x39, 0x4d, 
	0x18, 0x45, 0x20, 0x87, 0x39, 0x0d, 0x28, 0x87, 
	0x41, 0x4f, 0x20, 0x85, 0x10, 0x03, 0x00, 0x01, 
	0x08, 0x01, 0x10, 0x41, 0x00, 0x03, 0x08, 0x01, 
	0x00, 0x01, 0x00, 0x43, 0x08, 0x03, 0x10, 0x03, 
	0x00, 0x41, 0x00, 0x03, 0x08, 0x01, 0x00, 0x01, 
	0x00, 0x01, 0x00, 0x01, 0x00, 0x01, 0x00, 0x01, 
	0x00, 0x01, 0x08, 0x01, 0x10, 0x81, 0x18, 0xc3, 
	0x20, 0xc3, 0x49, 0xc9, 0x52, 0x4b, 0x52, 0x4b, 
	0x5a, 0x8d, 0x7b, 0x53, 0x94, 0x15, 0x83, 0x95, 
	0x41, 0x87, 0x4a, 0x47, 0x4a, 0x47, 0x20, 0x85, 
	0x18, 0x85, 0x49, 0x4d, 0x41, 0x09, 0x08, 0x43, 
	0x00, 0x01, 0x00, 0x01, 0x00, 0x01, 0x00, 0x01, 
	0x00, 0x01, 0x00, 0x01, 0x00, 0x01, 0x00, 0x01, 
	0x08, 0x43, 0x41, 0x0b, 0x8a, 0x17, 0x9a, 0x5b, 
	0xb4, 0x19, 0xc4, 0x9d, 0xab, 0xa1, 0x9b, 0xa5, 
	0x49, 0x91, 0x28, 0x89, 0x08, 0x43, 0x08, 0x01, 
	0x20, 0x87, 0x82, 0xe1, 0xb4, 0xb1, 0x93, 0xa3, 
	0x93, 0x63, 0x82, 0xdd, 0x38, 0x87, 0x31, 0x0b, 
	0x20, 0x87, 0x10, 0x83, 0x08, 0x01, 0x08, 0x43, 
	0x20, 0x47, 0x20, 0xcb, 0x10, 0x89, 0x10, 0x87, 
	0x08, 0x45, 0x08, 0x03, 0x00, 0x01, 0x00, 0x01, 
	0x00, 0x01, 0x00, 0x01, 0x00, 0x01, 0x00, 0x01, 
	0x00, 0x01, 0x08, 0x41, 0x20, 0xc3, 0x28, 0xc3, 
	0x31, 0x05, 0x41, 0xc7, 0x62, 0xcd, 0x8b, 0xd5, 
	0x6b, 0x11, 0x5a, 0x8d, 0x8c, 0x13, 0x8b, 0xd5, 
	0x7b, 0x53, 0x52, 0x09, 0x39, 0xc7, 0x18, 0xc3, 
	0x08, 0x41, 0x21, 0x09, 0x6a, 0x11, 0x51, 0x8b, 
	0x08, 0x01, 0x00, 0x01, 0x00, 0x01, 0x00, 0x01, 
	0x00, 0x01, 0x00, 0x01, 0x00, 0x01, 0x08, 0x43, 
	0x49, 0x0b, 0x81, 0xd9, 0x92, 0x19, 0xb4, 0x25, 
	0xbc, 0x25, 0xa3, 0x65, 0x9a, 0xa1, 0x72, 0x9b, 
	0x5a, 0x13, 0x49, 0xd3, 0x31, 0x0d, 0x18, 0x43, 
	0x59, 0xd7, 0xb4, 0xaf, 0xc5, 0x75, 0xbc, 0xab, 
	0xac, 0xab, 0x9b, 0x63, 0x92, 0xdd, 0x61, 0xd3, 
	0x18, 0x85, 0x10, 0x01, 0x08, 0x43, 0x10, 0x83, 
	0x18, 0x87, 0x18, 0x85, 0x10, 0x85, 0x08, 0x45, 
	0x08, 0x41, 0x08, 0x03, 0x08, 0x43, 0x00, 0x01, 
	0x00, 0x01, 0x08, 0x43, 0x00, 0x01, 0x08, 0x43, 
	0x00, 0x01, 0x00, 0x01, 0x18, 0x81, 0x20, 0xc5, 
	0x29, 0x43, 0x52, 0x0b, 0x93, 0xd7, 0x94, 0x57, 
	0x94, 0x15, 0x8b, 0xd3, 0x7b, 0x91, 0x9c, 0x97, 
	0xa4, 0x97, 0x73, 0x0d, 0x21, 0x45, 0x10, 0x83, 
	0x00, 0x03, 0x08, 0x41, 0x31, 0x4b, 0x6a, 0x11, 
	0x41, 0x49, 0x00, 0x01, 0x00, 0x01, 0x00, 0x01, 
	0x00, 0x01, 0x00, 0x01, 0x00, 0x01, 0x30, 0xc9, 
	0x81, 0xd7, 0x9a, 0x5f, 0xa3, 0x25, 0xb3, 0xe5, 
	0xa2, 0xa3, 0x9a, 0xa3, 0xac, 0xab, 0x94, 0xab, 
	0x94, 0xa9, 0x83, 0xa3, 0x72, 0x9b, 0x7a, 0x19, 
	0x92, 0xdf, 0xb4, 0x2b, 0xc4, 0x9f, 0xab, 0x4d, 
	0xa3, 0x19, 0x92, 0x9f, 0x79, 0x93, 0x40, 0xc7, 
	0x4a, 0x0d, 0x39, 0x8d, 0x41, 0xcd, 0x52, 0x93, 
	0x31, 0x8d, 0x18, 0x85, 0x10, 0x83, 0x10, 0x83, 
	0x08, 0x01, 0x21, 0x07, 0x29, 0x07, 0x21, 0x07, 
	0x08, 0x43, 0x00, 0x01, 0x08, 0x01, 0x08, 0x43, 
	0x18, 0xc5, 0x18, 0x83, 0x31, 0x47, 0x5a, 0x8b, 
	0x42, 0x07, 0x41, 0xc5, 0x39, 0x87, 0x5a, 0x4b, 
	0x83, 0xd5, 0x94, 0x53, 0x94, 0x53, 0xac, 0xdb, 
	0xa4, 0x97, 0x94, 0x53, 0x52, 0x8d, 0x10, 0x43, 
	0x10, 0x83, 0x00, 0x41, 0x08, 0x03, 0x29, 0x07, 
	0x6a, 0x15, 0x20, 0xc7, 0x00, 0x01, 0x00, 0x01, 
	0x00, 0x01, 0x00, 0x01, 0x10, 0x43, 0x61, 0x0f, 
	0x92, 0x5f, 0xb3, 0xa9, 0xab, 0x1f, 0xab, 0x11, 
	0xa3, 0x21, 0xb4, 0xaf, 0xad, 0xb5, 0xad, 0x75, 
	0xad, 0xb5, 0xb5, 0x73, 0xa3, 0xa9, 0x92, 0x5f, 
	0x9a, 0x61, 0xbc, 0x2b, 0xc4, 0xdd, 0xbc, 0x53, 
	0xb3, 0xdf, 0x9a, 0x19, 0x79, 0x4f, 0x79, 0x8f, 
	0x9c, 0xa5, 0x7b, 0xdb, 0x73, 0x19, 0x63, 0x17, 
	0x42, 0x11, 0x10, 0x83, 0x10, 0x85, 0x18, 0x43, 
	0x31, 0x4b, 0x52, 0x91, 0x41, 0xcd, 0x19, 0x05, 
	0x08, 0x43, 0x18, 0x43, 0x20, 0x43, 0x18, 0x85, 
	0x42, 0x0f, 0x51, 0xcb, 0x20, 0xc5, 0x31, 0x45, 
	0x21, 0x43, 0x20, 0xc3, 0x19, 0x05, 0x10, 0x83, 
	0x21, 0x03, 0x62, 0xcf, 0x9c, 0x95, 0xac, 0xdb, 
	0xbd, 0x61, 0xad, 0x1d, 0x94, 0x57, 0x39, 0x89, 
	0x39, 0x09, 0x30, 0x87, 0x08, 0x43, 0x10, 0x43, 
	0x41, 0x8f, 0x59, 0x91, 0x00, 0x43, 0x00, 0x01, 
	0x00, 0x01, 0x00, 0x01, 0x28, 0x87, 0x79, 0x0f, 
	0x9a, 0xa3, 0xa3, 0x65, 0xa2, 0x9f, 0xa2, 0x9f, 
	0xab, 0xe7, 0xad, 0x35, 0xa5, 0x73, 0xa5, 0x75, 
	0xad, 0x75, 0xbd, 0x73, 0xab, 0x67, 0x9a, 0x19, 
	0xab, 0x57, 0xab, 0xa3, 0xbc, 0x69, 0xb3, 0xe5, 
	0x9a, 0x61, 0x91, 0x53, 0x89, 0x93, 0x9a, 0xdf, 
	0x93, 0x61, 0x73, 0x59, 0x5a, 0x93, 0x73, 0x5b, 
	0x39, 0xcf, 0x10, 0x83, 0x08, 0x43, 0x08, 0x43, 
	0x39, 0x8b, 0x41, 0xcb, 0x39, 0x89, 0x18, 0x85, 
	0x31, 0x49, 0x29, 0x07, 0x28, 0x87, 0x08, 0x41, 
	0x20, 0xc7, 0x28, 0xc7, 0x08, 0x83, 0x00, 0x03, 
	0x00, 0x01, 0x00, 0x01, 0x10, 0x83, 0x28, 0x87, 
	0x39, 0x07, 0x31, 0x47, 0x83, 0x93, 0x9c, 0x99, 
	0xac, 0xdf, 0xa4, 0x9f, 0x94, 0x99, 0x62, 0xcf, 
	0x51, 0x89, 0x39, 0x09, 0x08, 0x03, 0x08, 0x43, 
	0x10, 0x83, 0x51, 0x91, 0x18, 0x47, 0x00, 0x01, 
	0x00, 0x01, 0x08, 0x03, 0x48, 0x87, 0x81, 0x4f, 
	0x81, 0xdb, 0x92, 0x5d, 0x92, 0x5f, 0x72, 0x5b, 
	0x8b, 0xe5, 0x94, 0xb1, 0x94, 0xad, 0x94, 0xf1, 
	0x94, 0xf1, 0x94, 0x69, 0x92, 0x61, 0x9a, 0x5d, 
	0xaa, 0xdb, 0x9a, 0x9f, 0xab, 0xa9, 0xab, 0xa7, 
	0xab, 0x65, 0x91, 0xdb, 0x91, 0x99, 0x9a, 0xe1, 
	0x79, 0x95, 0x49, 0x0b, 0x28, 0xc5, 0x18, 0xc7, 
	0x10, 0x83, 0x00, 0x01, 0x08, 0x03, 0x18, 0x87, 
	0x59, 0x8b, 0x82, 0x8f, 0x82, 0x91, 0x72, 0x13, 
	0x7a, 0x95, 0x93, 0x5b, 0x8b, 0x1d, 0x41, 0x4d, 
	0x20, 0xc5, 0x29, 0x07, 0x10, 0x85, 0x08, 0x01, 
	0x00, 0x43, 0x00, 0x01, 0x10, 0x43, 0x30, 0xc9, 
	0x41, 0x09, 0x52, 0x07, 0x6b, 0x0d, 0x94, 0x17, 
	0x94, 0x9b, 0x9c, 0x9d, 0x94, 0x5b, 0x8b, 0xd3, 
	0x7b, 0x4d, 0x49, 0xc9, 0x08, 0x83, 0x08, 0x01, 
	0x08, 0x43, 0x28, 0x87, 0x20, 0x87, 0x00, 0x01, 
	0x00, 0x01, 0x08, 0x03, 0x58, 0xc9, 0x89, 0xd3, 
	0x69, 0x93, 0x28, 0x89, 0x30, 0xc9, 0x18, 0x87, 
	0x49, 0x91, 0x4a, 0x17, 0x31, 0xd3, 0x39, 0xd5, 
	0x5a, 0x59, 0x39, 0x51, 0x28, 0xc9, 0x51, 0x51, 
	0x51, 0x11, 0x69, 0xd5, 0x61, 0x95, 0x82, 0x5b, 
	0x9a, 0xe5, 0x91, 0x97, 0x81, 0x0d, 0x70, 0xc9, 
	0x70, 0xcd, 0x68, 0xcf, 0x41, 0x09, 0x18, 0x85, 
	0x08, 0x43, 0x08, 0x03, 0x00, 0x43, 0x10, 0x45, 
	0x38, 0x89, 0x61, 0x4d, 0x61, 0x4d, 0x61, 0x51, 
	0x82, 0x59, 0x93, 0x5b, 0x8a, 0xdb, 0x31, 0x09, 
	0x00, 0x01, 0x08, 0x43, 0x10, 0x43, 0x08, 0x43, 
	0x08, 0x83, 0x18, 0x45, 0x20, 0x87, 0x29, 0x07, 
	0x6a, 0x91, 0x9c, 0x99, 0xac, 0x99, 0xac, 0xdd, 
	0xbd, 0x69, 0xac, 0xe1, 0xbd, 0xa7, 0xb5, 0x23, 
	0xbc, 0xdd, 0x94, 0x5d, 0x41, 0x49, 0x20, 0xc7, 
	0x08, 0x45, 0x20, 0x83, 0x10, 0x43, 0x00, 0x01, 
	0x00, 0x01, 0x08, 0x03, 0x50, 0x87, 0x92, 0x17, 
	0x51, 0x93, 0x08, 0x01, 0x08, 0x43, 0x08, 0x03, 
	0x10, 0x45, 0x10, 0x45, 0x19, 0x0b, 0x10, 0x45, 
	0x18, 0x45, 0x08, 0x45, 0x08, 0x43, 0x08, 0x43, 
	0x10, 0x45, 0x08, 0x03, 0x10, 0x45, 0x41, 0x0d, 
	0x93, 0x25, 0x92, 0x1b, 0x89, 0x4d, 0x70, 0xc9, 
	0x78, 0xcf, 0x79, 0x11, 0x61, 0x11, 0x20, 0x85, 
	0x10, 0x05, 0x00, 0x41, 0x08, 0x03, 0x08, 0x01, 
	0x08, 0x03, 0x31, 0x05, 0x41, 0x45, 0x31, 0x07, 
	0x20, 0x85, 0x28, 0xc7, 0x20, 0xc7, 0x10, 0x43, 
	0x08, 0x01, 0x00, 0x41, 0x18, 0x87, 0x10, 0x83, 
	0x20, 0x87, 0x59, 0x8f, 0x9b, 0xe3, 0x83, 0x5d, 
	0x8b, 0x5b, 0xb5, 0x27, 0xc5, 0xab, 0xc5, 0xa5, 
	0xc5, 0xa5, 0xc5, 0xa9, 0xc5, 0xa5, 0xc5, 0x65, 
	0xc5, 0xeb, 0x94, 0x21, 0x82, 0xd9, 0x51, 0x8f, 
	0x08, 0x83, 0x20, 0x85, 0x08, 0x03, 0x00, 0x01, 
	0x00, 0x01, 0x08, 0x03, 0x48, 0x45, 0x81, 0x53, 
	0x49, 0x4f, 0x10, 0x85, 0x08, 0x45, 0x08, 0x43, 
	0x10, 0x45, 0x28, 0x89, 0x20, 0xc9, 0x31, 0x09, 
	0x28, 0x89, 0x18, 0x85, 0x10, 0x45, 0x08, 0x45, 
	0x10, 0x89, 0x08, 0x85, 0x08, 0x03, 0x10, 0x43, 
	0x31, 0x09, 0x82, 0x59, 0x92, 0x9f, 0x7a, 0x19, 
	0x61, 0x51, 0x49, 0x0b, 0x40, 0xc9, 0x28, 0xc9, 
	0x18, 0x45, 0x08, 0x43, 0x20, 0x43, 0x20, 0x43, 
	0x18, 0xc7, 0x49, 0x8d, 0x41, 0xc7, 0x31, 0x07, 
	0x10, 0x83, 0x10, 0x43, 0x10, 0x43, 0x00, 0x41, 
	0x08, 0x01, 0x08, 0x45, 0x29, 0x07, 0x21, 0x49, 
	0x41, 0x4b, 0x9b, 0xe3, 0xc5, 0xf5, 0xac, 0xe9, 
	0xa4, 0x25, 0xb5, 0x6f, 0xc5, 0xb1, 0xce, 0x2d, 
	0xce, 0x31, 0xce, 0x33, 0xce, 0x2f, 0xcd, 0xeb, 
	0xbd, 0x6b, 0x9c, 0x65, 0xa4, 0x65, 0x51, 0xd1, 
	0x10, 0x43, 0x10, 0x43, 0x08, 0x43, 0x00, 0x01, 
	0x00, 0x01, 0x00, 0x01, 0x38, 0x49, 0x81, 0x53, 
	0x49, 0x0d, 0x08, 0x45, 0x10, 0x87, 0x10, 0x47, 
	0x20, 0x87, 0x39, 0x0b, 0x39, 0xcf, 0x39, 0x8d, 
	0x31, 0x8d, 0x31, 0x0f, 0x28, 0xcb, 0x10, 0x87, 
	0x10, 0x47, 0x10, 0x85, 0x00, 0x03, 0x08, 0x43, 
	0x39, 0x8b, 0x5a, 0x8f, 0x5a, 0x4f, 0x31, 0x49, 
	0x20, 0xc7, 0x30, 0xc7, 0x28, 0xc7, 0x18, 0x85, 
	0x18, 0x87, 0x20, 0x85, 0x28, 0xc7, 0x41, 0x47, 
	0x52, 0x11, 0x62, 0x93, 0x31, 0xcb, 0x39, 0x8b, 
	0x18, 0xc5, 0x20, 0x85, 0x10, 0x83, 0x08, 0x43, 
	0x00, 0x01, 0x08, 0x43, 0x20, 0xc5, 0x41, 0xcd, 
	0x52, 0x53, 0x94, 0xa5, 0xad, 0x2b, 0xad, 0x2d, 
	0xb5, 0xb3, 0xce, 0x37, 0xd6, 0x7b, 0xd6, 0xbb, 
	0xd6, 0xbb, 0xd6, 0xbb, 0xd6, 0xbb, 0xce, 0x35, 
	0xb5, 0x6f, 0xac, 0xa9, 0xb5, 0x2f, 0x59, 0xcf, 
	0x18, 0x87, 0x10, 0x41, 0x08, 0x43, 0x00, 0x01, 
	0x00, 0x01, 0x00, 0x01, 0x20, 0x47, 0x81, 0xd9, 
	0x7a, 0x19, 0x18, 0x87, 0x08, 0x43, 0x08, 0x45, 
	0x20, 0x89, 0x31, 0x91, 0x31, 0x4f, 0x21, 0x4d, 
	0x21, 0x0f, 0x31, 0xd3, 0x29, 0x51, 0x31, 0x53, 
	0x29, 0x0d, 0x10, 0x87, 0x08, 0x45, 0x18, 0xc9, 
	0x39, 0x91, 0x52, 0x51, 0x5a, 0xd3, 0x39, 0x8b, 
	0x21, 0x09, 0x39, 0x09, 0x39, 0x49, 0x39, 0x4b, 
	0x29, 0x4f, 0x20, 0x87, 0x18, 0xc5, 0x31, 0x0b, 
	0x6b, 0x17, 0x7b, 0x5b, 0x62, 0xd3, 0x4a, 0x4d, 
	0x18, 0xc7, 0x20, 0xc5, 0x20, 0xc7, 0x18, 0xc5, 
	0x18, 0xc5, 0x20, 0x85, 0x30, 0x87, 0x49, 0xcf, 
	0x83, 0xe3, 0xad, 0x2f, 0xbd, 0xf5, 0xce, 0x39, 
	0xd6, 0xbb, 0xd6, 0x7b, 0xce, 0x7b, 0xd6, 0x7b, 
	0xce, 0xbb, 0xd6, 0x7b, 0xd6, 0xbb, 0xce, 0x7b, 
	0xb5, 0x2f, 0xad, 0x2b, 0x83, 0xdf, 0x31, 0x09, 
	0x08, 0x43, 0x10, 0x43, 0x00, 0x41, 0x00, 0x01, 
	0x00, 0x01, 0x00, 0x01, 0x08, 0x03, 0x51, 0x51, 
	0x8a, 0x9d, 0x41, 0x4b, 0x08, 0x41, 0x10, 0x45, 
	0x21, 0x0d, 0x29, 0x51, 0x31, 0x95, 0x21, 0x91, 
	0x18, 0xcd, 0x21, 0x93, 0x29, 0x91, 0x31, 0x95, 
	0x31, 0x53, 0x29, 0x0d, 0x18, 0xcd, 0x29, 0x4f, 
	0x29, 0x93, 0x29, 0x51, 0x5a, 0x93, 0x52, 0x51, 
	0x31, 0x4d, 0x39, 0x4b, 0x31, 0x09, 0x29, 0x4d, 
	0x21, 0x0b, 0x18, 0xc7, 0x10, 0x43, 0x31, 0x09, 
	0x6a, 0x97, 0x82, 0xd5, 0x5a, 0x0f, 0x41, 0x8b, 
	0x29, 0x49, 0x29, 0x09, 0x42, 0x4f, 0x31, 0x4b, 
	0x29, 0x09, 0x20, 0xc7, 0x31, 0x4d, 0x72, 0xdd, 
	0xac, 0xef, 0xc6, 0x3b, 0xce, 0x7b, 0xc6, 0x7b, 
	0xc6, 0x7d, 0xbe, 0x7b, 0xc6, 0x7b, 0xce, 0x7b, 
	0xc6, 0x7d, 0xce, 0x7b, 0xd6, 0xbb, 0xce, 0x79, 
	0xac, 0xed, 0x84, 0x61, 0x39, 0x8b, 0x18, 0x45, 
	0x08, 0x41, 0x08, 0x43, 0x00, 0x01, 0x00, 0x01, 
	0x00, 0x01, 0x00, 0x01, 0x00, 0x01, 0x18, 0x45, 
	0x49, 0x4f, 0x59, 0xcf, 0x31, 0x49, 0x10, 0x85, 
	0x18, 0x87, 0x28, 0xcf, 0x29, 0x93, 0x31, 0x93, 
	0x29, 0x51, 0x29, 0x8f, 0x29, 0x4f, 0x19, 0x0d, 
	0x29, 0x51, 0x21, 0x51, 0x29, 0x95, 0x31, 0x93, 
	0x31, 0xd7, 0x3a, 0x19, 0x52, 0x97, 0x42, 0x0d, 
	0x31, 0x49, 0x29, 0x47, 0x20, 0x85, 0x21, 0x0b, 
	0x52, 0x97, 0x31, 0x4d, 0x29, 0x09, 0x28, 0xc9, 
	0x71, 0xd5, 0x81, 0xd3, 0x61, 0xd3, 0x72, 0x17, 
	0x59, 0xd3, 0x39, 0x0b, 0x49, 0xcd, 0x42, 0x0f, 
	0x52, 0x13, 0x39, 0x4f, 0x52, 0x99, 0x9c, 0xf1, 
	0xa5, 0xf9, 0xa6, 0x3b, 0xad, 0xfb, 0xa5, 0xf9, 
	0xae, 0x3b, 0xad, 0xfb, 0xb6, 0x39, 0xb6, 0x3b, 
	0xc6, 0x7b, 0xc6, 0x7d, 0xd6, 0xbb, 0xbd, 0xf5, 
	0x94, 0x67, 0x52, 0x93, 0x18, 0x85, 0x08, 0x43, 
	0x08, 0x41, 0x00, 0x01, 0x00, 0x01, 0x00, 0x01, 
	0x00, 0x01, 0x00, 0x01, 0x00, 0x01, 0x00, 0x01, 
	0x18, 0x85, 0x28, 0x87, 0x41, 0x89, 0x4a, 0x4d, 
	0x21, 0x0b, 0x18, 0x89, 0x28, 0xcd, 0x29, 0x93, 
	0x21, 0x51, 0x20, 0xcb, 0x21, 0x0b, 0x29, 0x91, 
	0x39, 0xd7, 0x42, 0x59, 0x42, 0x1b, 0x42, 0x9b, 
	0x4a, 0x5b, 0x4a, 0x9d, 0x6b, 0x21, 0x83, 0x5f, 
	0x83, 0x5f, 0x6a, 0x55, 0x41, 0x8d, 0x4a, 0x17, 
	0x4a, 0x53, 0x49, 0xcf, 0x51, 0xd1, 0x61, 0xd3, 
	0x61, 0xd3, 0x61, 0xd3, 0x62, 0x59, 0x8b, 0xa5, 
	0x94, 0x6d, 0x8b, 0xe5, 0x82, 0xdd, 0x7a, 0x9b, 
	0x8a, 0xa1, 0x73, 0x23, 0x84, 0x6d, 0x85, 0x35, 
	0x8d, 0x35, 0x85, 0x77, 0x85, 0x37, 0x85, 0x35, 
	0x85, 0x37, 0x8d, 0x77, 0x9d, 0xb9, 0xae, 0x39, 
	0xbe, 0x3b, 0xc6, 0x7d, 0xce, 0x79, 0x94, 0x67, 
	0x42, 0x11, 0x18, 0x85, 0x10, 0x83, 0x18, 0x85, 
	0x00, 0x01, 0x00, 0x01, 0x00, 0x01, 0x00, 0x01, 
	0x00, 0x01, 0x00, 0x01, 0x00, 0x01, 0x00, 0x01, 
	0x00, 0x01, 0x08, 0x43, 0x20, 0x85, 0x39, 0x8b, 
	0x4a, 0x0f, 0x31, 0x91, 0x29, 0x53, 0x29, 0x51, 
	0x21, 0x51, 0x29, 0x53, 0x31, 0xd5, 0x63, 0x61, 
	0xa5, 0x73, 0xa5, 0x73, 0xa5, 0x75, 0xad, 0xb3, 
	0xb5, 0xb7, 0xb5, 0xf9, 0xbe, 0x37, 0xa5, 0x33, 
	0xb5, 0xb5, 0xbd, 0x75, 0xa4, 0xf1, 0x83, 0xe5, 
	0x42, 0x11, 0x59, 0xd7, 0x8b, 0x1f, 0x82, 0xe1, 
	0x93, 0x65, 0x8b, 0x65, 0x83, 0xe7, 0x84, 0xb1, 
	0x74, 0xf3, 0x74, 0xf5, 0x74, 0xb1, 0x6c, 0x71, 
	0x6c, 0xb1, 0x64, 0x71, 0x5c, 0xb1, 0x5c, 0xb1, 
	0x54, 0x71, 0x54, 0x6f, 0x4c, 0x31, 0x54, 0x6f, 
	0x5c, 0xb1, 0x85, 0x37, 0x95, 0xb9, 0xa5, 0xf9, 
	0xb6, 0x39, 0xac, 0xf1, 0x8b, 0xe3, 0x41, 0x8f, 
	0x18, 0x43, 0x08, 0x83, 0x18, 0x85, 0x08, 0x43, 
	0x00, 0x01, 0x00, 0x01, 0x00, 0x01, 0x00, 0x01, 
	0x00, 0x01, 0x00, 0x01, 0x00, 0x01, 0x00, 0x01, 
	0x00, 0x01, 0x00, 0x01, 0x08, 0x03, 0x18, 0x83, 
	0x21, 0x07, 0x41, 0xcf, 0x39, 0xd1, 0x29, 0x4f, 
	0x21, 0x4f, 0x3a, 0x1b, 0x31, 0xd7, 0x52, 0x9d, 
	0xad, 0xb5, 0xc6, 0xbd, 0xc6, 0x7d, 0xce, 0xbb, 
	0xc6, 0x7d, 0xce, 0xbd, 0xc6, 0xbd, 0xce, 0x7b, 
	0xbe, 0x3b, 0xc6, 0x7d, 0xbd, 0xf9, 0xa4, 0xef, 
	0x8c, 0x29, 0x73, 0xa5, 0x8c, 0xb1, 0x74, 0xb3, 
	0x74, 0xb3, 0x6c, 0xf5, 0x64, 0xb1, 0x5c, 0xb3, 
	0x5c, 0xb1, 0x4c, 0x31, 0x54, 0x6f, 0x4c, 0x2d, 
	0x43, 0xef, 0x43, 0xeb, 0x3b, 0xad, 0x3b, 0xab, 
	0x3b, 0x6b, 0x33, 0xab, 0x43, 0xad, 0x4c, 0x6f, 
	0x6c, 0xb3, 0x85, 0x77, 0x95, 0xb9, 0xa5, 0xb7, 
	0x94, 0x67, 0x49, 0xd3, 0x28, 0xc9, 0x10, 0x41, 
	0x10, 0x43, 0x10, 0x43, 0x00, 0x41, 0x00, 0x01, 
	0x00, 0x01, 0x00, 0x01, 0x00, 0x01, 0x00, 0x01, 
	0x00, 0x01, 0x00, 0x01, 0x00, 0x01, 0x00, 0x01, 
	0x00, 0x01, 0x00, 0x01, 0x00, 0x01, 0x00, 0x01, 
	0x18, 0x45, 0x20, 0xc7, 0x31, 0x49, 0x39, 0xcd, 
	0x4a, 0x15, 0x42, 0x5b, 0x3a, 0x17, 0x39, 0xd7, 
	0x84, 0x69, 0xbe, 0x7b, 0xce, 0x7b, 0xc6, 0xbd, 
	0xce, 0x7d, 0xce, 0xbd, 0xc6, 0x7d, 0xce, 0xbd, 
	0xbe, 0x7d, 0xb6, 0x3b, 0xb6, 0x3b, 0xad, 0xf9, 
	0x9d, 0xf9, 0x8d, 0x77, 0x85, 0x35, 0x7c, 0xf5, 
	0x64, 0xb3, 0x5c, 0x71, 0x54, 0x6f, 0x4c, 0x2f, 
	0x4b, 0xed, 0x43, 0xad, 0x43, 0xed, 0x3b, 0x6b, 
	0x3b, 0xa9, 0x43, 0x6b, 0x3b, 0x6b, 0x33, 0x69, 
	0x3b, 0xab, 0x3b, 0xed, 0x54, 0x2f, 0x64, 0xb3, 
	0x84, 0xf3, 0x7c, 0x27, 0x63, 0x63, 0x52, 0x97, 
	0x31, 0x4b, 0x20, 0xc9, 0x18, 0x83, 0x10, 0x83, 
	0x10, 0x41, 0x00, 0x01, 0x00, 0x01, 0x00, 0x01, 
	0x00, 0x01, 0x00, 0x01, 0x00, 0x01, 0x00, 0x01, 
	0x00, 0x01, 0x00, 0x01, 0x00, 0x01, 0x00, 0x01, 
	0x00, 0x01, 0x00, 0x01, 0x00, 0x01, 0x00, 0x01, 
	0x00, 0x01, 0x08, 0x01, 0x08, 0x43, 0x28, 0xc7, 
	0x39, 0x4b, 0x42, 0x11, 0x41, 0xd1, 0x42, 0x51, 
	0x5a, 0x57, 0x9c, 0xad, 0xbd, 0xf9, 0xbd, 0xf9, 
	0xc6, 0x79, 0xc6, 0x7d, 0xce, 0x7b, 0xbe, 0xbd, 
	0xbe, 0x3b, 0xae, 0x3b, 0xa5, 0xf9, 0x9d, 0xb9, 
	0x95, 0x77, 0x95, 0x77, 0x95, 0x77, 0x85, 0x35, 
	0x74, 0xb3, 0x64, 0x71, 0x64, 0x71, 0x5c, 0x6f, 
	0x54, 0x2f, 0x4b, 0xed, 0x43, 0xad, 0x43, 0x69, 
	0x3b, 0x6b, 0x3b, 0xab, 0x43, 0xed, 0x43, 0xed, 
	0x4c, 0x2f, 0x6c, 0x71, 0x74, 0x2b, 0x73, 0x65, 
	0x6a, 0xdd, 0x41, 0x8f, 0x29, 0x49, 0x18, 0xc7, 
	0x39, 0x49, 0x29, 0x49, 0x10, 0x43, 0x00, 0x01, 
	0x00, 0x01, 0x00, 0x01, 0x00, 0x01, 0x00, 0x01, 
	0x00, 0x01, 0x00, 0x01, 0x00, 0x01, 0x00, 0x01, 
	0x00, 0x01, 0x00, 0x01, 0x00, 0x01, 0x00, 0x01, 
	0x00, 0x01, 0x00, 0x01, 0x00, 0x01, 0x00, 0x01, 
	0x00, 0x01, 0x00, 0x01, 0x00, 0x01, 0x08, 0x03, 
	0x10, 0x43, 0x20, 0xc5, 0x31, 0x49, 0x31, 0x09, 
	0x39, 0x49, 0x49, 0xcf, 0x73, 0x1d, 0x94, 0x25, 
	0xa4, 0xef, 0xb5, 0xb5, 0xc6, 0x3b, 0xbe, 0x7b, 
	0xbd, 0xfb, 0xb5, 0xf9, 0xa5, 0xf9, 0x9d, 0xf9, 
	0x95, 0x77, 0x8d, 0x77, 0x8d, 0x37, 0x85, 0x35, 
	0x6c, 0xb3, 0x64, 0xb1, 0x5c, 0x6f, 0x54, 0x31, 
	0x4c, 0x2d, 0x43, 0xed, 0x4b, 0xef, 0x4b, 0xed, 
	0x4c, 0x2f, 0x54, 0x6f, 0x5c, 0xb1, 0x6c, 0x6f, 
	0x7b, 0xe9, 0x72, 0x9d, 0x62, 0x13, 0x49, 0xd3, 
	0x4a, 0x0f, 0x31, 0x8b, 0x20, 0xc7, 0x20, 0xc3, 
	0x10, 0x83, 0x08, 0x03, 0x00, 0x01, 0x00, 0x01, 
	0x00, 0x01, 0x00, 0x01, 0x00, 0x01, 0x00, 0x01, 
	0x00, 0x01, 0x00, 0x01, 0x00, 0x01, 0x00, 0x01, 
	0x00, 0x01, 0x00, 0x01, 0x00, 0x01, 0x00, 0x01, 
	0x00, 0x01, 0x00, 0x01, 0x00, 0x01, 0x00, 0x01, 
	0x00, 0x01, 0x00, 0x01, 0x00, 0x01, 0x00, 0x01, 
	0x00, 0x01, 0x00, 0x01, 0x10, 0x43, 0x20, 0xc7, 
	0x28, 0xc9, 0x29, 0x4b, 0x29, 0x0b, 0x31, 0x4b, 
	0x31, 0x4d, 0x52, 0x13, 0x7b, 0xa3, 0x94, 0xad, 
	0x8c, 0x25, 0x73, 0x5f, 0x73, 0x21, 0x7b, 0xa5, 
	0x84, 0x6b, 0x8c, 0xb3, 0x84, 0xb3, 0x74, 0xf3, 
	0x74, 0xb3, 0x64, 0xb3, 0x64, 0xb1, 0x64, 0xb1, 
	0x64, 0xb1, 0x64, 0x71, 0x6c, 0xb1, 0x6c, 0xb3, 
	0x7c, 0xb3, 0x84, 0xb1, 0x83, 0xe7, 0x62, 0x15, 
	0x49, 0x8f, 0x39, 0x8b, 0x29, 0x49, 0x18, 0xc5, 
	0x29, 0x07, 0x18, 0xc7, 0x08, 0x41, 0x08, 0x03, 
	0x00, 0x01, 0x00, 0x01, 0x00, 0x01, 0x00, 0x01, 
	0x00, 0x01, 0x00, 0x01, 0x00, 0x01, 0x00, 0x01, 
	0x00, 0x01, 0x00, 0x01, 0x00, 0x01, 0x00, 0x01, 
	0x00, 0x01, 0x00, 0x01, 0x00, 0x01, 0x00, 0x01, 
	0x00, 0x01, 0x00, 0x01, 0x00, 0x01, 0x00, 0x01, 
	0x00, 0x01, 0x00, 0x01, 0x00, 0x01, 0x00, 0x01, 
	0x00, 0x01, 0x00, 0x01, 0x00, 0x01, 0x00, 0x01, 
	0x08, 0x43, 0x10, 0x45, 0x18, 0xc7, 0x20, 0x89, 
	0x20, 0xc7, 0x20, 0xc9, 0x31, 0xcf, 0x52, 0x57, 
	0x4a, 0x55, 0x41, 0xd1, 0x39, 0x8b, 0x49, 0xd3, 
	0x62, 0x57, 0x72, 0x99, 0x72, 0x5b, 0x7a, 0x9d, 
	0x7a, 0xa1, 0x83, 0x61, 0x72, 0x9f, 0x6a, 0x99, 
	0x72, 0x9d, 0x6a, 0xdd, 0x6a, 0xdd, 0x83, 0x61, 
	0x7b, 0x1f, 0x62, 0x17, 0x49, 0xcf, 0x41, 0x8d, 
	0x41, 0xcd, 0x29, 0x47, 0x18, 0x85, 0x08, 0x43, 
	0x00, 0x41, 0x08, 0x01, 0x00, 0x01, 0x00, 0x01, 
	0x00, 0x01, 0x00, 0x01, 0x00, 0x01, 0x00, 0x01, 
	0x00, 0x01, 0x00, 0x01, 0x00, 0x01, 0x00, 0x01, 
	0x00, 0x01, 0x00, 0x01, 0x00, 0x01, 0x00, 0x01, 
	0x00, 0x01, 0x00, 0x01, 0x00, 0x01, 0x00, 0x01, 
	0x00, 0x01, 0x00, 0x01, 0x00, 0x01, 0x00, 0x01, 
	0x00, 0x01, 0x00, 0x01, 0x00, 0x01, 0x00, 0x01, 
	0x00, 0x01, 0x00, 0x01, 0x00, 0x01, 0x00, 0x01, 
	0x00, 0x01, 0x00, 0x01, 0x00, 0x01, 0x00, 0x01, 
	0x08, 0x01, 0x10, 0x43, 0x10, 0x43, 0x10, 0x85, 
	0x18, 0x45, 0x20, 0xc5, 0x20, 0xc7, 0x29, 0x09, 
	0x28, 0xc7, 0x18, 0x85, 0x28, 0xc9, 0x49, 0x8f, 
	0x61, 0xd3, 0x6a, 0x57, 0x72, 0x55, 0x72, 0x55, 
	0x6a, 0x53, 0x62, 0x51, 0x5a, 0x51, 0x49, 0xd1, 
	0x41, 0xcb, 0x21, 0x07, 0x18, 0x85, 0x08, 0x85, 
	0x08, 0x01, 0x08, 0x43, 0x00, 0x01, 0x00, 0x01, 
	0x00, 0x01, 0x00, 0x01, 0x00, 0x01, 0x00, 0x01, 
	0x00, 0x01, 0x00, 0x01, 0x00, 0x01, 0x00, 0x01, 
	0x00, 0x01, 0x00, 0x01, 0x00, 0x01, 0x00, 0x01, 
	0x00, 0x01, 0x00, 0x01, 0x00, 0x01, 0x00, 0x01, 
	0x00, 0x01, 0x00, 0x01, 0x00, 0x01, 0x00, 0x01, 
	0x00, 0x01, 0x00, 0x01, 0x00, 0x01, 0x00, 0x01, 
	0x00, 0x01, 0x00, 0x01, 0x00, 0x01, 0x00, 0x01, 
	0x00, 0x01, 0x00, 0x01, 0x00, 0x01, 0x00, 0x01, 
	0x00, 0x01, 0x00, 0x01, 0x00, 0x01, 0x00, 0x01, 
	0x00, 0x01, 0x00, 0x01, 0x00, 0x01, 0x00, 0x01, 
	0x08, 0x01, 0x00, 0x43, 0x08, 0x01, 0x08, 0x43, 
	0x10, 0x41, 0x08, 0x03, 0x08, 0x43, 0x18, 0x85, 
	0x18, 0x85, 0x18, 0xc7, 0x20, 0xc7, 0x18, 0xc7, 
	0x10, 0x85, 0x10, 0x83, 0x08, 0x43, 0x08, 0x01, 
	0x00, 0x43, 0x00, 0x01, 0x00, 0x01, 0x00, 0x01, 
	0x00, 0x01, 0x00, 0x01, 0x00, 0x01, 0x00, 0x01, 
	0x00, 0x01, 0x00, 0x01, 0x00, 0x01, 0x00, 0x01, 
	0x00, 0x01, 0x00, 0x01, 0x00, 0x01, 0x00, 0x01, 
	0x00, 0x01, 0x00, 0x01, 0x00, 0x01, 0x00, 0x01, 
	0x00, 0x01, 0x00, 0x01, 0x00, 0x01, 0x00, 0x01, 
	
};

Gfx mario_shell_koop_shell_front_rgba16_ci8_aligner[] = {gsSPEndDisplayList()};
u8 mario_shell_koop_shell_front_rgba16_ci8[] = {
	0x00, 0x01, 0x01, 0x01, 0x01, 0x02, 0x02, 0x03, 
	0x04, 0x05, 0x05, 0x05, 0x05, 0x06, 0x06, 0x06, 
	0x06, 0x06, 0x06, 0x06, 0x05, 0x05, 0x05, 0x04, 
	0x03, 0x02, 0x02, 0x01, 0x01, 0x01, 0x01, 0x00, 
	0x01, 0x01, 0x01, 0x01, 0x02, 0x03, 0x04, 0x05, 
	0x05, 0x07, 0x06, 0x06, 0x06, 0x08, 0x09, 0x09, 
	0x0a, 0x0a, 0x09, 0x06, 0x06, 0x06, 0x06, 0x05, 
	0x05, 0x04, 0x03, 0x02, 0x01, 0x01, 0x01, 0x01, 
	0x01, 0x01, 0x01, 0x02, 0x03, 0x04, 0x05, 0x07, 
	0x06, 0x06, 0x09, 0x0b, 0x0c, 0x0c, 0x0d, 0x0e, 
	0x0e, 0x0e, 0x0d, 0x0c, 0x0b, 0x0a, 0x08, 0x06, 
	0x06, 0x05, 0x04, 0x03, 0x02, 0x01, 0x01, 0x01, 
	0x01, 0x01, 0x0f, 0x02, 0x04, 0x05, 0x06, 0x06, 
	0x0a, 0x0b, 0x0e, 0x10, 0x11, 0x12, 0x12, 0x13, 
	0x13, 0x12, 0x12, 0x11, 0x10, 0x0d, 0x0c, 0x14, 
	0x06, 0x06, 0x05, 0x04, 0x02, 0x02, 0x01, 0x01, 
	0x01, 0x01, 0x01, 0x01, 0x0f, 0x02, 0x02, 0x02, 
	0x02, 0x03, 0x03, 0x03, 0x03, 0x03, 0x03, 0x03, 
	0x03, 0x03, 0x03, 0x03, 0x03, 0x03, 0x03, 0x03, 
	0x02, 0x02, 0x02, 0x0f, 0x01, 0x01, 0x01, 0x01, 
	0x01, 0x01, 0x02, 0x02, 0x04, 0x05, 0x05, 0x06, 
	0x08, 0x15, 0x16, 0x16, 0x16, 0x17, 0x18, 0x18, 
	0x17, 0x18, 0x18, 0x16, 0x16, 0x15, 0x15, 0x06, 
	0x19, 0x05, 0x05, 0x04, 0x03, 0x02, 0x01, 0x01, 
	0x01, 0x0f, 0x02, 0x05, 0x06, 0x09, 0x0c, 0x11, 
	0x13, 0x1a, 0x1b, 0x1c, 0x1d, 0x1d, 0x1e, 0x1e, 
	0x1e, 0x1e, 0x1e, 0x1d, 0x1d, 0x1c, 0x1a, 0x13, 
	0x11, 0x0d, 0x0a, 0x06, 0x05, 0x04, 0x02, 0x0f, 
	0x01, 0x0f, 0x03, 0x05, 0x06, 0x0a, 0x10, 0x13, 
	0x1a, 0x1c, 0x1d, 0x1e, 0x1f, 0x1f, 0x1f, 0x1f, 
	0x1f, 0x1f, 0x1f, 0x1f, 0x1e, 0x1d, 0x1c, 0x1a, 
	0x20, 0x11, 0x0c, 0x08, 0x19, 0x05, 0x03, 0x02, 
	0x01, 0x02, 0x03, 0x05, 0x06, 0x0c, 0x11, 0x20, 
	0x21, 0x1d, 0x1e, 0x1f, 0x1f, 0x1f, 0x1f, 0x22, 
	0x22, 0x22, 0x1f, 0x1f, 0x1f, 0x1e, 0x1d, 0x23, 
	0x1a, 0x13, 0x24, 0x0a, 0x06, 0x05, 0x03, 0x02, 
	0x01, 0x02, 0x03, 0x05, 0x08, 0x0d, 0x13, 0x21, 
	0x1d, 0x1e, 0x1f, 0x1f, 0x1f, 0x22, 0x22, 0x22, 
	0x22, 0x22, 0x22, 0x22, 0x1f, 0x1f, 0x1e, 0x25, 
	0x21, 0x20, 0x11, 0x26, 0x06, 0x05, 0x03, 0x02, 
	0x01, 0x01, 0x01, 0x02, 0x02, 0x03, 0x04, 0x05, 
	0x05, 0x05, 0x05, 0x27, 0x27, 0x27, 0x28, 0x28, 
	0x28, 0x28, 0x28, 0x28, 0x28, 0x28, 0x27, 0x05, 
	0x05, 0x05, 0x05, 0x04, 0x03, 0x02, 0x02, 0x01, 
	0x01, 0x02, 0x03, 0x04, 0x05, 0x06, 0x15, 0x26, 
	0x29, 0x29, 0x2a, 0x2a, 0x2a, 0x2a, 0x2a, 0x2a, 
	0x2a, 0x2a, 0x2a, 0x2a, 0x2a, 0x2a, 0x29, 0x29, 
	0x18, 0x15, 0x08, 0x05, 0x05, 0x03, 0x02, 0x02, 
	0x01, 0x02, 0x05, 0x19, 0x26, 0x11, 0x2b, 0x23, 
	0x1e, 0x1f, 0x1f, 0x22, 0x22, 0x22, 0x22, 0x22, 
	0x22, 0x22, 0x22, 0x22, 0x22, 0x1f, 0x1f, 0x1f, 
	0x25, 0x23, 0x13, 0x24, 0x0a, 0x19, 0x05, 0x03, 
	0x0f, 0x02, 0x05, 0x19, 0x18, 0x12, 0x2b, 0x25, 
	0x1f, 0x1f, 0x22, 0x22, 0x22, 0x22, 0x22, 0x22, 
	0x22, 0x22, 0x22, 0x22, 0x22, 0x22, 0x22, 0x1f, 
	0x2c, 0x23, 0x20, 0x11, 0x26, 0x06, 0x05, 0x03, 
	0x0f, 0x02, 0x05, 0x06, 0x18, 0x12, 0x21, 0x25, 
	0x1f, 0x1f, 0x22, 0x22, 0x22, 0x22, 0x22, 0x22, 
	0x22, 0x22, 0x22, 0x22, 0x22, 0x22, 0x22, 0x1f, 
	0x2c, 0x23, 0x20, 0x11, 0x26, 0x06, 0x05, 0x03, 
	0x0f, 0x02, 0x05, 0x06, 0x18, 0x12, 0x2b, 0x25, 
	0x1f, 0x1f, 0x22, 0x22, 0x22, 0x22, 0x22, 0x22, 
	0x22, 0x22, 0x22, 0x22, 0x22, 0x22, 0x22, 0x1f, 
	0x2c, 0x23, 0x20, 0x11, 0x26, 0x06, 0x05, 0x03, 
	0x0f, 0x02, 0x05, 0x06, 0x18, 0x12, 0x2b, 0x25, 
	0x1e, 0x1f, 0x22, 0x22, 0x22, 0x22, 0x22, 0x22, 
	0x22, 0x22, 0x22, 0x22, 0x22, 0x22, 0x22, 0x1f, 
	0x1e, 0x23, 0x20, 0x11, 0x26, 0x06, 0x05, 0x03, 
	0x2d, 0x0f, 0x0f, 0x03, 0x2e, 0x2f, 0x19, 0x28, 
	0x30, 0x31, 0x30, 0x32, 0x32, 0x30, 0x30, 0x30, 
	0x30, 0x30, 0x30, 0x30, 0x30, 0x30, 0x30, 0x28, 
	0x05, 0x05, 0x2e, 0x2e, 0x03, 0x03, 0x02, 0x01, 
	0x0f, 0x02, 0x03, 0x05, 0x19, 0x0a, 0x18, 0x2a, 
	0x33, 0x33, 0x33, 0x34, 0x34, 0x34, 0x33, 0x33, 
	0x33, 0x33, 0x33, 0x33, 0x2a, 0x2a, 0x2a, 0x29, 
	0x18, 0x16, 0x30, 0x19, 0x05, 0x04, 0x02, 0x0f, 
	0x02, 0x03, 0x05, 0x06, 0x0c, 0x11, 0x20, 0x23, 
	0x1e, 0x1f, 0x1f, 0x22, 0x22, 0x22, 0x22, 0x22, 
	0x22, 0x22, 0x22, 0x22, 0x22, 0x1f, 0x1f, 0x1e, 
	0x1d, 0x21, 0x20, 0x10, 0x26, 0x06, 0x05, 0x03, 
	0x02, 0x03, 0x05, 0x06, 0x26, 0x10, 0x20, 0x21, 
	0x1d, 0x1e, 0x1f, 0x1f, 0x22, 0x22, 0x22, 0x22, 
	0x22, 0x22, 0x22, 0x22, 0x1f, 0x1f, 0x1f, 0x1e, 
	0x1c, 0x1a, 0x13, 0x0e, 0x0a, 0x06, 0x05, 0x04, 
	0x02, 0x03, 0x05, 0x06, 0x0a, 0x0e, 0x12, 0x1a, 
	0x1c, 0x1d, 0x1e, 0x1f, 0x1f, 0x1f, 0x22, 0x22, 
	0x22, 0x22, 0x1f, 0x1f, 0x1f, 0x1f, 0x1e, 0x1d, 
	0x1b, 0x35, 0x12, 0x0d, 0x0a, 0x06, 0x05, 0x04, 
	0x02, 0x03, 0x05, 0x06, 0x09, 0x0c, 0x11, 0x13, 
	0x21, 0x1c, 0x1d, 0x1e, 0x1f, 0x1f, 0x1f, 0x1f, 
	0x1f, 0x1f, 0x1f, 0x1f, 0x1e, 0x1e, 0x1d, 0x1c, 
	0x36, 0x13, 0x11, 0x0c, 0x09, 0x06, 0x05, 0x04, 
	0x0f, 0x02, 0x04, 0x07, 0x06, 0x0b, 0x10, 0x12, 
	0x37, 0x1b, 0x1c, 0x1d, 0x1d, 0x1e, 0x1e, 0x1e, 
	0x1e, 0x1e, 0x1e, 0x2c, 0x1d, 0x1c, 0x1b, 0x36, 
	0x38, 0x11, 0x0e, 0x0b, 0x06, 0x06, 0x05, 0x04, 
	0x01, 0x01, 0x0f, 0x02, 0x04, 0x05, 0x05, 0x06, 
	0x08, 0x15, 0x15, 0x16, 0x17, 0x16, 0x16, 0x16, 
	0x32, 0x32, 0x30, 0x30, 0x19, 0x05, 0x05, 0x05, 
	0x03, 0x03, 0x02, 0x02, 0x01, 0x01, 0x01, 0x01, 
	0x01, 0x01, 0x02, 0x03, 0x04, 0x05, 0x06, 0x06, 
	0x0a, 0x26, 0x0c, 0x0d, 0x2a, 0x2a, 0x33, 0x33, 
	0x2a, 0x2a, 0x29, 0x29, 0x18, 0x16, 0x08, 0x19, 
	0x05, 0x05, 0x04, 0x03, 0x02, 0x02, 0x0f, 0x01, 
	0x01, 0x01, 0x02, 0x04, 0x05, 0x06, 0x06, 0x14, 
	0x39, 0x0e, 0x10, 0x12, 0x13, 0x38, 0x35, 0x35, 
	0x35, 0x35, 0x20, 0x13, 0x12, 0x11, 0x10, 0x0e, 
	0x0b, 0x14, 0x06, 0x06, 0x07, 0x04, 0x3a, 0x02, 
	0x01, 0x01, 0x02, 0x02, 0x04, 0x07, 0x06, 0x06, 
	0x3b, 0x0b, 0x0c, 0x0e, 0x10, 0x10, 0x11, 0x11, 
	0x11, 0x11, 0x11, 0x10, 0x0e, 0x0e, 0x0b, 0x14, 
	0x3b, 0x06, 0x07, 0x07, 0x04, 0x3a, 0x3c, 0x3c, 
	0x3d, 0x01, 0x01, 0x02, 0x02, 0x04, 0x05, 0x06, 
	0x06, 0x06, 0x3b, 0x14, 0x0b, 0x0c, 0x0c, 0x0c, 
	0x0c, 0x0c, 0x0c, 0x0b, 0x14, 0x14, 0x3e, 0x06, 
	0x06, 0x07, 0x07, 0x04, 0x3a, 0x3c, 0x3c, 0x3f, 
	0x3d, 0x3d, 0x01, 0x01, 0x02, 0x02, 0x04, 0x05, 
	0x05, 0x07, 0x06, 0x06, 0x06, 0x08, 0x08, 0x3b, 
	0x3b, 0x08, 0x3e, 0x40, 0x06, 0x06, 0x07, 0x07, 
	0x05, 0x04, 0x3a, 0x3a, 0x3c, 0x3f, 0x3d, 0x3d, 
	0x00, 0x3d, 0x3d, 0x01, 0x01, 0x3c, 0x02, 0x02, 
	0x04, 0x04, 0x05, 0x07, 0x07, 0x07, 0x07, 0x07, 
	0x06, 0x07, 0x07, 0x07, 0x07, 0x07, 0x04, 0x04, 
	0x3a, 0x3a, 0x3c, 0x3c, 0x3f, 0x3d, 0x41, 0x41, 
	0x00, 0x00, 0x3d, 0x3d, 0x01, 0x01, 0x3c, 0x3c, 
	0x02, 0x02, 0x3a, 0x04, 0x04, 0x04, 0x04, 0x04, 
	0x04, 0x04, 0x04, 0x04, 0x04, 0x04, 0x3a, 0x3a, 
	0x3c, 0x3c, 0x3f, 0x3d, 0x41, 0x41, 0x41, 0x41, 
	
};

Gfx mario_shell_koop_shell_front_rgba16_pal_rgba16_aligner[] = {gsSPEndDisplayList()};
u8 mario_shell_koop_shell_front_rgba16_pal_rgba16[] = {
	0xbc, 0xc1, 0xc5, 0x01, 0xcd, 0x41, 0xcd, 0x81, 
	0xd5, 0x81, 0xd5, 0xc1, 0xde, 0x01, 0xdd, 0xc1, 
	0xde, 0x03, 0xde, 0x43, 0xde, 0x45, 0xe6, 0x47, 
	0xe6, 0x49, 0xe6, 0x4b, 0xe6, 0x8b, 0xc5, 0x41, 
	0xe6, 0x8d, 0xe6, 0x8f, 0xe6, 0x91, 0xe6, 0x93, 
	0xe6, 0x45, 0xde, 0x05, 0xde, 0x07, 0xde, 0x09, 
	0xde, 0x49, 0xd6, 0x01, 0xe6, 0xd7, 0xee, 0xd9, 
	0xee, 0xdb, 0xee, 0xdd, 0xee, 0xdf, 0xee, 0xe1, 
	0xe6, 0x95, 0xe6, 0xd9, 0xee, 0xe3, 0xe6, 0xdb, 
	0xe6, 0x4d, 0xe6, 0xdd, 0xde, 0x47, 0xd5, 0xc3, 
	0xd6, 0x03, 0xde, 0x4b, 0xde, 0x4d, 0xe6, 0x97, 
	0xe6, 0xdf, 0xbd, 0x41, 0xcd, 0xc1, 0xce, 0x01, 
	0xd6, 0x05, 0xd6, 0x47, 0xd6, 0x07, 0xde, 0x4f, 
	0xde, 0x51, 0xe6, 0xd5, 0xee, 0xd7, 0xee, 0xd5, 
	0xe6, 0xd3, 0xe6, 0x89, 0xd5, 0x41, 0xe6, 0x43, 
	0xcd, 0x01, 0xc4, 0xc1, 0xe6, 0x03, 0xcc, 0xc1, 
	0xe6, 0x01, 0xc4, 0x81, 
};

Gfx mario_shell_koop_shell_back_rgba16_ci8_aligner[] = {gsSPEndDisplayList()};
u8 mario_shell_koop_shell_back_rgba16_ci8[] = {
	0x00, 0x01, 0x02, 0x03, 0x04, 0x03, 0x03, 0x03, 
	0x03, 0x05, 0x05, 0x05, 0x05, 0x05, 0x03, 0x06, 
	0x07, 0x04, 0x02, 0x02, 0x08, 0x08, 0x09, 0x08, 
	0x08, 0x02, 0x05, 0x03, 0x03, 0x05, 0x02, 0x0a, 
	0x05, 0x04, 0x09, 0x09, 0x05, 0x03, 0x03, 0x05, 
	0x05, 0x05, 0x02, 0x08, 0x08, 0x08, 0x08, 0x06, 
	0x07, 0x0b, 0x09, 0x0b, 0x01, 0x01, 0x0c, 0x0c, 
	0x0d, 0x0b, 0x09, 0x02, 0x02, 0x05, 0x00, 0x00, 
	0x01, 0x05, 0x00, 0x02, 0x09, 0x05, 0x05, 0x05, 
	0x02, 0x08, 0x0b, 0x01, 0x01, 0x0e, 0x08, 0x0f, 
	0x07, 0x10, 0x0e, 0x11, 0x12, 0x13, 0x14, 0x15, 
	0x16, 0x17, 0x18, 0x09, 0x05, 0x19, 0x00, 0x09, 
	0x05, 0x10, 0x08, 0x00, 0x03, 0x09, 0x08, 0x08, 
	0x09, 0x01, 0x1a, 0x1b, 0x09, 0x19, 0x0f, 0x06, 
	0x06, 0x06, 0x00, 0x0e, 0x1c, 0x1d, 0x1e, 0x1f, 
	0x20, 0x21, 0x22, 0x05, 0x19, 0x05, 0x0b, 0x05, 
	0x04, 0x05, 0x0b, 0x0b, 0x00, 0x00, 0x10, 0x01, 
	0x0b, 0x23, 0x10, 0x04, 0x19, 0x0a, 0x04, 0x01, 
	0x01, 0x05, 0x06, 0x0f, 0x00, 0x0e, 0x24, 0x1e, 
	0x25, 0x26, 0x02, 0x19, 0x0b, 0x0e, 0x08, 0x03, 
	0x04, 0x03, 0x02, 0x01, 0x0b, 0x00, 0x00, 0x08, 
	0x0e, 0x00, 0x04, 0x03, 0x27, 0x10, 0x28, 0x28, 
	0x29, 0x2a, 0x2b, 0x2c, 0x0f, 0x0f, 0x00, 0x12, 
	0x2d, 0x2e, 0x00, 0x10, 0x2f, 0x01, 0x08, 0x05, 
	0x03, 0x03, 0x05, 0x08, 0x0e, 0x0e, 0x00, 0x00, 
	0x19, 0x00, 0x05, 0x30, 0x28, 0x31, 0x32, 0x1b, 
	0x33, 0x34, 0x35, 0x36, 0x37, 0x38, 0x0a, 0x0f, 
	0x0a, 0x19, 0x39, 0x3a, 0x3b, 0x10, 0x09, 0x02, 
	0x03, 0x05, 0x05, 0x08, 0x10, 0x28, 0x0e, 0x19, 
	0x05, 0x10, 0x3c, 0x29, 0x3d, 0x32, 0x33, 0x3e, 
	0x24, 0x3f, 0x40, 0x41, 0x42, 0x42, 0x43, 0x38, 
	0x0a, 0x08, 0x44, 0x35, 0x45, 0x0e, 0x0b, 0x02, 
	0x03, 0x05, 0x02, 0x09, 0x10, 0x23, 0x3d, 0x0a, 
	0x01, 0x32, 0x3d, 0x3d, 0x29, 0x1b, 0x46, 0x3e, 
	0x24, 0x47, 0x48, 0x49, 0x42, 0x42, 0x42, 0x4a, 
	0x19, 0x4b, 0x40, 0x35, 0x1c, 0x0e, 0x0b, 0x08, 
	0x03, 0x02, 0x08, 0x0b, 0x0b, 0x0e, 0x3d, 0x0f, 
	0x01, 0x4b, 0x29, 0x29, 0x32, 0x4c, 0x33, 0x4d, 
	0x4e, 0x24, 0x4f, 0x36, 0x50, 0x42, 0x42, 0x4a, 
	0x19, 0x51, 0x52, 0x3f, 0x2a, 0x0e, 0x01, 0x08, 
	0x05, 0x02, 0x09, 0x0b, 0x01, 0x23, 0x29, 0x06, 
	0x01, 0x4b, 0x32, 0x4b, 0x4b, 0x51, 0x53, 0x33, 
	0x33, 0x4e, 0x54, 0x48, 0x55, 0x50, 0x50, 0x56, 
	0x19, 0x57, 0x44, 0x3e, 0x32, 0x0e, 0x0b, 0x09, 
	0x05, 0x08, 0x09, 0x01, 0x10, 0x23, 0x29, 0x06, 
	0x01, 0x4b, 0x4b, 0x4b, 0x1b, 0x1b, 0x2f, 0x58, 
	0x59, 0x46, 0x34, 0x3f, 0x48, 0x5a, 0x36, 0x5b, 
	0x0a, 0x57, 0x5c, 0x53, 0x28, 0x10, 0x0b, 0x09, 
	0x02, 0x08, 0x0b, 0x01, 0x10, 0x23, 0x29, 0x06, 
	0x0d, 0x4b, 0x1b, 0x51, 0x1b, 0x1b, 0x4b, 0x4b, 
	0x4b, 0x4c, 0x46, 0x5d, 0x54, 0x5e, 0x4f, 0x5f, 
	0x0a, 0x53, 0x33, 0x3d, 0x23, 0x10, 0x0b, 0x09, 
	0x02, 0x09, 0x0b, 0x10, 0x0e, 0x28, 0x29, 0x06, 
	0x0c, 0x2f, 0x1b, 0x51, 0x1b, 0x32, 0x32, 0x32, 
	0x32, 0x4b, 0x53, 0x60, 0x4e, 0x3e, 0x61, 0x62, 
	0x0a, 0x51, 0x63, 0x28, 0x0e, 0x10, 0x0b, 0x09, 
	0x02, 0x09, 0x0b, 0x10, 0x0e, 0x28, 0x29, 0x06, 
	0x64, 0x2a, 0x1b, 0x4b, 0x32, 0x32, 0x32, 0x32, 
	0x32, 0x32, 0x4b, 0x4c, 0x53, 0x33, 0x65, 0x66, 
	0x0a, 0x3d, 0x3d, 0x23, 0x0e, 0x10, 0x0b, 0x09, 
	0x02, 0x09, 0x0b, 0x10, 0x0e, 0x28, 0x32, 0x06, 
	0x64, 0x2a, 0x1b, 0x32, 0x32, 0x32, 0x32, 0x32, 
	0x32, 0x32, 0x32, 0x4b, 0x1b, 0x51, 0x1b, 0x01, 
	0x0a, 0x3d, 0x67, 0x23, 0x0e, 0x10, 0x0b, 0x09, 
	0x02, 0x09, 0x0b, 0x10, 0x0e, 0x28, 0x32, 0x06, 
	0x64, 0x65, 0x4b, 0x68, 0x32, 0x32, 0x32, 0x32, 
	0x32, 0x32, 0x32, 0x4b, 0x4b, 0x4b, 0x32, 0x0b, 
	0x0a, 0x29, 0x69, 0x23, 0x0e, 0x10, 0x0b, 0x09, 
	0x02, 0x09, 0x0b, 0x10, 0x0e, 0x23, 0x32, 0x06, 
	0x64, 0x2a, 0x4b, 0x6a, 0x32, 0x4b, 0x4b, 0x4b, 
	0x32, 0x32, 0x32, 0x32, 0x32, 0x32, 0x32, 0x0b, 
	0x0a, 0x29, 0x6b, 0x23, 0x0e, 0x01, 0x0b, 0x09, 
	0x02, 0x09, 0x0b, 0x10, 0x10, 0x23, 0x32, 0x06, 
	0x6c, 0x2a, 0x68, 0x32, 0x4b, 0x4b, 0x6d, 0x4b, 
	0x68, 0x32, 0x32, 0x32, 0x32, 0x32, 0x6e, 0x0b, 
	0x0a, 0x32, 0x5c, 0x23, 0x0e, 0x01, 0x0b, 0x09, 
	0x02, 0x09, 0x0b, 0x01, 0x0b, 0x23, 0x57, 0x06, 
	0x6c, 0x2f, 0x6a, 0x6f, 0x4b, 0x4b, 0x4b, 0x4b, 
	0x4b, 0x32, 0x32, 0x32, 0x32, 0x29, 0x3c, 0x0b, 
	0x0a, 0x32, 0x5c, 0x23, 0x10, 0x01, 0x0b, 0x08, 
	0x02, 0x08, 0x0b, 0x0b, 0x01, 0x23, 0x57, 0x06, 
	0x70, 0x6a, 0x6a, 0x32, 0x71, 0x4b, 0x4b, 0x4b, 
	0x4b, 0x32, 0x32, 0x32, 0x29, 0x29, 0x3c, 0x0b, 
	0x0a, 0x32, 0x5c, 0x23, 0x10, 0x0b, 0x09, 0x08, 
	0x05, 0x08, 0x09, 0x0b, 0x01, 0x23, 0x57, 0x06, 
	0x72, 0x3c, 0x6e, 0x6e, 0x32, 0x4b, 0x1b, 0x73, 
	0x4b, 0x32, 0x32, 0x29, 0x29, 0x3d, 0x28, 0x01, 
	0x0a, 0x29, 0x74, 0x0e, 0x01, 0x0b, 0x09, 0x02, 
	0x05, 0x02, 0x09, 0x09, 0x01, 0x6d, 0x4b, 0x06, 
	0x75, 0x3c, 0x28, 0x3c, 0x29, 0x4b, 0x2f, 0x2f, 
	0x76, 0x4b, 0x32, 0x29, 0x3d, 0x31, 0x28, 0x64, 
	0x0a, 0x3d, 0x4c, 0x0e, 0x0b, 0x0b, 0x08, 0x02, 
	0x05, 0x02, 0x08, 0x09, 0x10, 0x77, 0x0b, 0x00, 
	0x78, 0x79, 0x23, 0x28, 0x3c, 0x4b, 0x2a, 0x2a, 
	0x2f, 0x1b, 0x32, 0x7a, 0x31, 0x31, 0x0e, 0x05, 
	0x03, 0x7b, 0x7c, 0x0e, 0x0b, 0x09, 0x08, 0x02, 
	0x03, 0x05, 0x02, 0x0b, 0x7d, 0x01, 0x00, 0x03, 
	0x03, 0x03, 0x08, 0x0e, 0x6e, 0x2f, 0x7e, 0x1b, 
	0x2f, 0x2f, 0x32, 0x29, 0x23, 0x0b, 0x03, 0x03, 
	0x08, 0x03, 0x6a, 0x29, 0x0b, 0x09, 0x02, 0x05, 
	0x03, 0x05, 0x08, 0x29, 0x01, 0x19, 0x04, 0x2f, 
	0x6a, 0x08, 0x03, 0x03, 0x7f, 0x1b, 0x6e, 0x80, 
	0x6a, 0x6e, 0x6a, 0x10, 0x03, 0x04, 0x02, 0x76, 
	0x3a, 0x05, 0x04, 0x23, 0x0e, 0x08, 0x05, 0x05, 
	0x03, 0x08, 0x10, 0x01, 0x19, 0x08, 0x1b, 0x81, 
	0x4e, 0x3e, 0x0e, 0x05, 0x03, 0x08, 0x7b, 0x28, 
	0x23, 0x0e, 0x82, 0x04, 0x04, 0x83, 0x53, 0x5d, 
	0x61, 0x7c, 0x03, 0x03, 0x0e, 0x01, 0x05, 0x03, 
	0x05, 0x10, 0x01, 0x03, 0x04, 0x71, 0x59, 0x7b, 
	0x84, 0x71, 0x33, 0x6e, 0x0b, 0x04, 0x04, 0x01, 
	0x0b, 0x04, 0x00, 0x0b, 0x7c, 0x58, 0x85, 0x6f, 
	0x6f, 0x86, 0x2f, 0x02, 0x04, 0x0e, 0x09, 0x03, 
	0x10, 0x0b, 0x19, 0x00, 0x0e, 0x11, 0x10, 0x01, 
	0x01, 0x10, 0x0e, 0x28, 0x29, 0x23, 0x08, 0x0a, 
	0x0a, 0x03, 0x0e, 0x71, 0x1a, 0x7b, 0x0e, 0x10, 
	0x10, 0x01, 0x10, 0x6f, 0x02, 0x09, 0x10, 0x02, 
	0x01, 0x19, 0x02, 0x10, 0x09, 0x09, 0x08, 0x08, 
	0x09, 0x09, 0x09, 0x10, 0x10, 0x29, 0x23, 0x0f, 
	0x04, 0x6a, 0x28, 0x0e, 0x10, 0x01, 0x01, 0x0b, 
	0x0b, 0x09, 0x09, 0x0b, 0x0e, 0x05, 0x02, 0x09, 
	0x0f, 0x02, 0x0b, 0x05, 0x03, 0x03, 0x05, 0x02, 
	0x02, 0x02, 0x08, 0x08, 0x08, 0x10, 0x28, 0x0f, 
	0x00, 0x31, 0x10, 0x0b, 0x09, 0x09, 0x08, 0x09, 
	0x08, 0x02, 0x02, 0x02, 0x02, 0x01, 0x05, 0x03, 
	0x0b, 0x01, 0x02, 0x04, 0x04, 0x03, 0x03, 0x03, 
	0x05, 0x05, 0x05, 0x05, 0x05, 0x09, 0x0e, 0x0f, 
	0x0a, 0x0e, 0x0b, 0x08, 0x02, 0x02, 0x05, 0x05, 
	0x05, 0x05, 0x03, 0x03, 0x04, 0x05, 0x10, 0x09, 
	
};

Gfx mario_shell_koop_shell_back_rgba16_pal_rgba16_aligner[] = {gsSPEndDisplayList()};
u8 mario_shell_koop_shell_back_rgba16_pal_rgba16[] = {
	0x03, 0x81, 0x05, 0x81, 0x04, 0x81, 0x04, 0x01, 
	0x03, 0xc1, 0x04, 0x41, 0x02, 0x81, 0x02, 0x41, 
	0x04, 0xc1, 0x05, 0x01, 0x03, 0x01, 0x05, 0x41, 
	0x15, 0xc5, 0x0d, 0x83, 0x06, 0x01, 0x02, 0xc1, 
	0x05, 0xc1, 0x0e, 0x03, 0x2e, 0x4b, 0x56, 0x95, 
	0x66, 0xd9, 0x6e, 0xdb, 0x5e, 0x97, 0x46, 0x51, 
	0x1d, 0xc7, 0x03, 0x41, 0x16, 0x43, 0x2e, 0xcb, 
	0x56, 0xd5, 0x97, 0x65, 0xaf, 0x69, 0x9f, 0x27, 
	0x97, 0x25, 0x76, 0x5d, 0x36, 0x0d, 0x06, 0x41, 
	0x77, 0x5d, 0xb7, 0xab, 0x76, 0x9d, 0x0c, 0x83, 
	0x06, 0x81, 0x16, 0xc5, 0x3e, 0xcf, 0x5e, 0x57, 
	0x45, 0x51, 0x46, 0x11, 0x15, 0x03, 0x36, 0xcd, 
	0x1e, 0x07, 0x06, 0xc1, 0x1e, 0xc7, 0x47, 0x11, 
	0x6f, 0x5b, 0xa7, 0xa9, 0xcf, 0xf3, 0xc7, 0x31, 
	0x85, 0xe1, 0x1e, 0x47, 0x77, 0x9d, 0x56, 0xd3, 
	0x0e, 0x83, 0x0e, 0xc3, 0x67, 0x59, 0x8f, 0xa3, 
	0xbf, 0xef, 0xe7, 0xf9, 0xff, 0xff, 0xd7, 0x35, 
	0x97, 0xe5, 0x5e, 0xd7, 0x4f, 0x13, 0x87, 0x61, 
	0xaf, 0xeb, 0xdf, 0xf7, 0xae, 0xab, 0x26, 0xc9, 
	0x37, 0x0d, 0x5f, 0x15, 0x5f, 0x57, 0x9f, 0xa7, 
	0xef, 0xfb, 0x2f, 0x0b, 0xb7, 0xed, 0x3f, 0x0f, 
	0x87, 0xa1, 0xd7, 0xf5, 0xa6, 0x69, 0x27, 0x09, 
	0x36, 0xcb, 0x3e, 0xcd, 0xc7, 0xf1, 0x86, 0x61, 
	0x6f, 0x9b, 0x6f, 0x59, 0x97, 0xa5, 0x5e, 0x17, 
	0x47, 0x13, 0x67, 0x19, 0x35, 0xcd, 0x1f, 0x07, 
	0x1d, 0x87, 0x46, 0xd1, 0x15, 0x85, 0x27, 0x07, 
	0x1e, 0xc9, 0x57, 0x55, 0x1e, 0x87, 0x67, 0x99, 
	0x25, 0x89, 0x26, 0xcb, 0x16, 0x85, 0x26, 0x89, 
	0x2d, 0x8b, 0x26, 0xc7, 0x45, 0x91, 0x2e, 0xc9, 
	0x5f, 0x55, 0x5d, 0x97, 0x2e, 0xcd, 0x4f, 0x93, 
	0x4c, 0xd3, 0x2d, 0xcb, 0x0e, 0xc5, 0x0e, 0x43, 
	0x4f, 0x53, 0x27, 0x0b, 0x2e, 0x8b, 0x3e, 0x0f, 
	0x16, 0x87, 0x6f, 0x5d, 0x0d, 0x03, 0x26, 0x49, 
	0x06, 0x43, 0x26, 0x87, 0x36, 0x8b, 
};

Gfx mario_shell_koopa_nostrils_ci8_ci8_aligner[] = {gsSPEndDisplayList()};
u8 mario_shell_koopa_nostrils_ci8_ci8[] = {
	0x00, 0x00, 0x00, 0x00, 0x00, 0x00, 0x00, 0x00, 
	0x00, 0x00, 0x00, 0x00, 0x00, 0x00, 0x00, 0x00, 
	0x00, 0x00, 0x00, 0x00, 0x00, 0x00, 0x00, 0x00, 
	0x00, 0x00, 0x00, 0x00, 0x00, 0x00, 0x00, 0x00, 
	0x00, 0x00, 0x00, 0x00, 0x00, 0x00, 0x00, 0x00, 
	0x00, 0x00, 0x00, 0x00, 0x00, 0x00, 0x00, 0x00, 
	0x00, 0x00, 0x00, 0x00, 0x00, 0x00, 0x00, 0x00, 
	0x00, 0x00, 0x00, 0x00, 0x00, 0x00, 0x00, 0x00, 
	0x00, 0x00, 0x00, 0x00, 0x00, 0x00, 0x00, 0x00, 
	0x00, 0x00, 0x00, 0x00, 0x00, 0x00, 0x00, 0x00, 
	0x00, 0x00, 0x00, 0x00, 0x00, 0x00, 0x00, 0x00, 
	0x00, 0x00, 0x00, 0x00, 0x00, 0x00, 0x00, 0x00, 
	0x00, 0x00, 0x00, 0x00, 0x00, 0x00, 0x00, 0x00, 
	0x00, 0x00, 0x00, 0x00, 0x00, 0x00, 0x00, 0x00, 
	0x00, 0x00, 0x00, 0x00, 0x00, 0x00, 0x00, 0x00, 
	0x00, 0x00, 0x00, 0x00, 0x00, 0x00, 0x00, 0x00, 
	0x00, 0x00, 0x00, 0x00, 0x00, 0x00, 0x00, 0x00, 
	0x00, 0x00, 0x00, 0x00, 0x00, 0x00, 0x00, 0x00, 
	0x00, 0x00, 0x00, 0x00, 0x00, 0x00, 0x00, 0x00, 
	0x00, 0x00, 0x00, 0x00, 0x00, 0x00, 0x00, 0x00, 
	0x00, 0x00, 0x00, 0x00, 0x00, 0x00, 0x00, 0x00, 
	0x00, 0x00, 0x00, 0x00, 0x00, 0x00, 0x00, 0x00, 
	0x00, 0x00, 0x00, 0x00, 0x00, 0x00, 0x00, 0x00, 
	0x00, 0x00, 0x00, 0x00, 0x00, 0x00, 0x00, 0x00, 
	0x00, 0x00, 0x00, 0x00, 0x00, 0x00, 0x00, 0x00, 
	0x00, 0x00, 0x00, 0x00, 0x00, 0x00, 0x00, 0x00, 
	0x00, 0x00, 0x00, 0x00, 0x00, 0x00, 0x00, 0x00, 
	0x00, 0x00, 0x00, 0x00, 0x00, 0x00, 0x00, 0x00, 
	0x00, 0x00, 0x00, 0x00, 0x00, 0x00, 0x00, 0x00, 
	0x00, 0x00, 0x00, 0x00, 0x00, 0x00, 0x00, 0x00, 
	0x00, 0x00, 0x00, 0x00, 0x00, 0x00, 0x00, 0x00, 
	0x00, 0x00, 0x00, 0x00, 0x00, 0x00, 0x00, 0x00, 
	0x00, 0x00, 0x00, 0x00, 0x00, 0x00, 0x00, 0x00, 
	0x00, 0x00, 0x00, 0x00, 0x00, 0x00, 0x00, 0x00, 
	0x00, 0x00, 0x00, 0x00, 0x00, 0x00, 0x00, 0x00, 
	0x00, 0x00, 0x00, 0x00, 0x00, 0x00, 0x00, 0x00, 
	0x00, 0x00, 0x00, 0x00, 0x00, 0x00, 0x00, 0x00, 
	0x00, 0x00, 0x00, 0x00, 0x00, 0x00, 0x00, 0x00, 
	0x00, 0x00, 0x00, 0x00, 0x00, 0x00, 0x00, 0x00, 
	0x00, 0x00, 0x00, 0x00, 0x00, 0x00, 0x00, 0x00, 
	0x00, 0x00, 0x00, 0x00, 0x00, 0x00, 0x00, 0x00, 
	0x00, 0x00, 0x00, 0x00, 0x00, 0x00, 0x00, 0x00, 
	0x00, 0x00, 0x00, 0x00, 0x00, 0x00, 0x00, 0x00, 
	0x00, 0x00, 0x00, 0x00, 0x00, 0x00, 0x00, 0x00, 
	0x00, 0x00, 0x00, 0x00, 0x00, 0x00, 0x00, 0x00, 
	0x00, 0x00, 0x00, 0x00, 0x00, 0x00, 0x00, 0x00, 
	0x00, 0x00, 0x00, 0x00, 0x00, 0x00, 0x00, 0x00, 
	0x00, 0x00, 0x00, 0x00, 0x00, 0x00, 0x00, 0x00, 
	0x00, 0x00, 0x00, 0x00, 0x00, 0x00, 0x00, 0x00, 
	0x00, 0x00, 0x00, 0x00, 0x00, 0x00, 0x00, 0x00, 
	0x00, 0x00, 0x00, 0x00, 0x00, 0x00, 0x00, 0x00, 
	0x00, 0x00, 0x00, 0x00, 0x00, 0x00, 0x00, 0x00, 
	0x00, 0x00, 0x00, 0x00, 0x00, 0x00, 0x00, 0x00, 
	0x00, 0x00, 0x00, 0x00, 0x00, 0x00, 0x00, 0x00, 
	0x00, 0x00, 0x00, 0x00, 0x00, 0x01, 0x00, 0x00, 
	0x00, 0x00, 0x00, 0x00, 0x00, 0x00, 0x00, 0x00, 
	0x00, 0x00, 0x00, 0x00, 0x00, 0x00, 0x00, 0x00, 
	0x00, 0x00, 0x00, 0x00, 0x00, 0x00, 0x00, 0x00, 
	0x00, 0x00, 0x00, 0x00, 0x02, 0x03, 0x04, 0x05, 
	0x00, 0x00, 0x00, 0x00, 0x00, 0x00, 0x00, 0x00, 
	0x00, 0x00, 0x00, 0x00, 0x00, 0x00, 0x00, 0x00, 
	0x00, 0x00, 0x00, 0x00, 0x00, 0x00, 0x00, 0x00, 
	0x00, 0x00, 0x00, 0x02, 0x06, 0x07, 0x08, 0x04, 
	0x05, 0x00, 0x00, 0x00, 0x00, 0x00, 0x00, 0x00, 
	0x00, 0x00, 0x00, 0x00, 0x00, 0x00, 0x00, 0x00, 
	0x00, 0x00, 0x00, 0x00, 0x00, 0x00, 0x00, 0x00, 
	0x00, 0x00, 0x00, 0x04, 0x07, 0x09, 0x07, 0x0a, 
	0x04, 0x00, 0x00, 0x00, 0x00, 0x00, 0x00, 0x00, 
	0x00, 0x00, 0x00, 0x00, 0x00, 0x00, 0x00, 0x00, 
	0x00, 0x00, 0x00, 0x00, 0x00, 0x00, 0x00, 0x00, 
	0x00, 0x00, 0x00, 0x0b, 0x0a, 0x09, 0x09, 0x08, 
	0x07, 0x0c, 0x00, 0x00, 0x00, 0x00, 0x00, 0x00, 
	0x00, 0x00, 0x00, 0x00, 0x00, 0x00, 0x00, 0x00, 
	0x00, 0x00, 0x00, 0x00, 0x00, 0x00, 0x00, 0x00, 
	0x00, 0x00, 0x00, 0x00, 0x0d, 0x0c, 0x08, 0x09, 
	0x09, 0x0e, 0x00, 0x00, 0x00, 0x00, 0x00, 0x00, 
	0x00, 0x00, 0x00, 0x00, 0x00, 0x00, 0x00, 0x00, 
	0x00, 0x00, 0x00, 0x00, 0x00, 0x00, 0x00, 0x00, 
	0x00, 0x00, 0x00, 0x00, 0x00, 0x00, 0x00, 0x0f, 
	0x08, 0x07, 0x10, 0x00, 0x00, 0x00, 0x00, 0x00, 
	0x00, 0x00, 0x00, 0x00, 0x00, 0x00, 0x00, 0x00, 
	0x00, 0x00, 0x00, 0x00, 0x00, 0x00, 0x00, 0x00, 
	0x00, 0x00, 0x00, 0x00, 0x00, 0x00, 0x00, 0x00, 
	0x00, 0x11, 0x12, 0x00, 0x00, 0x00, 0x00, 0x00, 
	0x00, 0x00, 0x00, 0x00, 0x00, 0x00, 0x00, 0x00, 
	0x00, 0x00, 0x00, 0x00, 0x00, 0x00, 0x00, 0x00, 
	0x00, 0x00, 0x00, 0x00, 0x00, 0x00, 0x00, 0x00, 
	0x00, 0x00, 0x00, 0x00, 0x00, 0x00, 0x00, 0x00, 
	0x00, 0x00, 0x00, 0x00, 0x00, 0x00, 0x00, 0x00, 
	0x00, 0x00, 0x00, 0x00, 0x00, 0x00, 0x00, 0x00, 
	0x00, 0x00, 0x00, 0x00, 0x00, 0x00, 0x00, 0x00, 
	0x00, 0x00, 0x00, 0x00, 0x00, 0x00, 0x00, 0x00, 
	0x00, 0x00, 0x00, 0x00, 0x00, 0x00, 0x00, 0x00, 
	0x00, 0x00, 0x00, 0x00, 0x00, 0x00, 0x00, 0x00, 
	0x00, 0x00, 0x00, 0x00, 0x00, 0x00, 0x00, 0x00, 
	0x00, 0x00, 0x00, 0x00, 0x00, 0x00, 0x00, 0x00, 
	0x00, 0x00, 0x00, 0x00, 0x00, 0x00, 0x00, 0x00, 
	0x00, 0x00, 0x00, 0x00, 0x00, 0x00, 0x00, 0x00, 
	0x00, 0x00, 0x00, 0x00, 0x00, 0x00, 0x00, 0x00, 
	0x00, 0x00, 0x00, 0x00, 0x00, 0x00, 0x00, 0x00, 
	0x00, 0x00, 0x00, 0x00, 0x00, 0x00, 0x00, 0x00, 
	0x00, 0x00, 0x00, 0x00, 0x00, 0x00, 0x00, 0x00, 
	0x00, 0x00, 0x00, 0x00, 0x00, 0x00, 0x00, 0x00, 
	0x00, 0x00, 0x00, 0x00, 0x00, 0x00, 0x00, 0x00, 
	0x00, 0x00, 0x00, 0x00, 0x00, 0x00, 0x00, 0x00, 
	0x00, 0x00, 0x00, 0x00, 0x00, 0x00, 0x00, 0x00, 
	0x00, 0x00, 0x00, 0x00, 0x00, 0x00, 0x00, 0x00, 
	0x00, 0x00, 0x00, 0x00, 0x00, 0x00, 0x00, 0x00, 
	0x00, 0x00, 0x00, 0x00, 0x00, 0x00, 0x00, 0x00, 
	0x00, 0x00, 0x00, 0x00, 0x00, 0x00, 0x00, 0x00, 
	0x00, 0x00, 0x00, 0x00, 0x00, 0x00, 0x00, 0x00, 
	0x00, 0x00, 0x00, 0x00, 0x00, 0x00, 0x00, 0x00, 
	0x00, 0x00, 0x00, 0x00, 0x00, 0x00, 0x00, 0x00, 
	0x00, 0x00, 0x00, 0x00, 0x00, 0x00, 0x00, 0x00, 
	0x00, 0x00, 0x00, 0x00, 0x00, 0x00, 0x00, 0x00, 
	0x00, 0x00, 0x00, 0x00, 0x00, 0x00, 0x00, 0x00, 
	0x00, 0x00, 0x00, 0x00, 0x00, 0x00, 0x00, 0x00, 
	0x00, 0x00, 0x00, 0x00, 0x00, 0x00, 0x00, 0x00, 
	0x00, 0x00, 0x00, 0x00, 0x00, 0x00, 0x00, 0x00, 
	0x00, 0x00, 0x00, 0x00, 0x00, 0x00, 0x00, 0x00, 
	0x00, 0x00, 0x00, 0x00, 0x00, 0x00, 0x00, 0x00, 
	0x00, 0x00, 0x00, 0x00, 0x00, 0x00, 0x00, 0x00, 
	0x00, 0x00, 0x00, 0x00, 0x00, 0x00, 0x00, 0x00, 
	0x00, 0x00, 0x00, 0x00, 0x00, 0x00, 0x00, 0x00, 
	0x00, 0x00, 0x00, 0x00, 0x00, 0x00, 0x00, 0x00, 
	0x00, 0x00, 0x00, 0x00, 0x00, 0x00, 0x00, 0x00, 
	0x00, 0x00, 0x00, 0x00, 0x00, 0x00, 0x00, 0x00, 
	0x00, 0x00, 0x00, 0x00, 0x00, 0x00, 0x00, 0x00, 
	
};

Gfx mario_shell_koopa_nostrils_ci8_pal_rgba16_aligner[] = {gsSPEndDisplayList()};
u8 mario_shell_koopa_nostrils_ci8_pal_rgba16[] = {
	0xff, 0xfe, 0x62, 0x83, 0x18, 0x81, 0x08, 0x01, 
	0x10, 0x41, 0x52, 0x01, 0x00, 0x01, 0x08, 0x43, 
	0x10, 0x83, 0x10, 0x85, 0x10, 0x43, 0x29, 0x01, 
	0x20, 0xc1, 0x49, 0xc1, 0x08, 0x41, 0x41, 0xc1, 
	0x39, 0x81, 0x31, 0x01, 0x10, 0x81, 
};

Gfx mario_shell_koop_eyes_open_i8_i8_aligner[] = {gsSPEndDisplayList()};
u8 mario_shell_koop_eyes_open_i8_i8[] = {
	0xff, 0xff, 0xff, 0xff, 0xff, 0xff, 0xff, 0xff, 
	0xff, 0xff, 0xff, 0xff, 0xff, 0xff, 0xff, 0xff, 
	0xff, 0xff, 0xff, 0xff, 0xff, 0xff, 0xff, 0xff, 
	0xff, 0xff, 0xff, 0xff, 0xff, 0xff, 0xff, 0xff, 
	0xff, 0xff, 0xff, 0xff, 0xff, 0xff, 0xff, 0xff, 
	0xff, 0xff, 0xff, 0xff, 0xff, 0xff, 0xff, 0xff, 
	0xff, 0xff, 0xff, 0xff, 0xff, 0xff, 0xff, 0xff, 
	0xff, 0xff, 0xff, 0xff, 0xff, 0xff, 0xff, 0xff, 
	0xff, 0xff, 0xff, 0xff, 0xff, 0xff, 0xff, 0xff, 
	0xff, 0xff, 0xff, 0xff, 0xff, 0xff, 0xff, 0xff, 
	0xff, 0xff, 0xff, 0xff, 0xff, 0xff, 0xff, 0xff, 
	0xff, 0xff, 0xff, 0xff, 0xff, 0xff, 0xff, 0xff, 
	0xff, 0xff, 0xff, 0xff, 0xff, 0xff, 0xff, 0xff, 
	0xff, 0xff, 0xff, 0xff, 0xff, 0xff, 0xff, 0xff, 
	0xff, 0xff, 0xff, 0xff, 0xff, 0xff, 0xff, 0xff, 
	0xff, 0xff, 0xff, 0xff, 0xff, 0xff, 0xff, 0xff, 
	0xff, 0xff, 0xff, 0xff, 0xff, 0xff, 0xff, 0xff, 
	0xff, 0xff, 0xff, 0xff, 0xff, 0xff, 0xff, 0xff, 
	0xff, 0xff, 0xff, 0xff, 0xff, 0xff, 0xff, 0xff, 
	0xff, 0xff, 0xff, 0xff, 0xff, 0xff, 0xff, 0xff, 
	0xff, 0xff, 0xff, 0xff, 0xff, 0xff, 0xff, 0xff, 
	0xff, 0xff, 0xff, 0xff, 0xff, 0xff, 0xff, 0xff, 
	0xff, 0xff, 0xff, 0xff, 0xff, 0xff, 0xff, 0xff, 
	0xff, 0xff, 0xff, 0xff, 0xff, 0xff, 0xff, 0xff, 
	0xff, 0xff, 0xff, 0xff, 0xff, 0xff, 0xff, 0xff, 
	0xff, 0xff, 0xff, 0xff, 0xff, 0xff, 0xff, 0xff, 
	0xff, 0xff, 0xff, 0xff, 0xff, 0xff, 0xff, 0xff, 
	0xff, 0xd5, 0xc5, 0xd5, 0xff, 0xff, 0xff, 0xff, 
	0xff, 0xff, 0xff, 0xff, 0xff, 0xff, 0xff, 0xff, 
	0xff, 0xff, 0xff, 0xff, 0xff, 0xff, 0xff, 0xff, 
	0xff, 0xff, 0xff, 0xff, 0xff, 0xff, 0xff, 0xff, 
	0xcd, 0x41, 0x10, 0x41, 0xcd, 0xff, 0xff, 0xff, 
	0xff, 0xff, 0xff, 0xff, 0xff, 0xff, 0xff, 0xff, 
	0xff, 0xff, 0xff, 0xff, 0xff, 0xff, 0xff, 0xff, 
	0xff, 0xff, 0xff, 0xff, 0xff, 0xff, 0xff, 0xff, 
	0x9c, 0x08, 0x00, 0x08, 0x9c, 0xff, 0xff, 0xff, 
	0xff, 0xff, 0xff, 0xff, 0xff, 0xff, 0xff, 0xff, 
	0xff, 0xff, 0xff, 0xff, 0xff, 0xff, 0xff, 0xff, 
	0xff, 0xff, 0xff, 0xff, 0xff, 0xff, 0xff, 0xd5, 
	0x39, 0x00, 0x00, 0x00, 0x39, 0xd5, 0xff, 0xff, 
	0xff, 0xff, 0xff, 0xff, 0xff, 0xff, 0xff, 0xff, 
	0xff, 0xff, 0xff, 0xff, 0xff, 0xff, 0xff, 0xff, 
	0xff, 0xff, 0xff, 0xff, 0xff, 0xff, 0xff, 0xc5, 
	0x10, 0x00, 0x00, 0x00, 0x20, 0xcd, 0xff, 0xff, 
	0xff, 0xff, 0xff, 0xff, 0xff, 0xff, 0xff, 0xff, 
	0xff, 0xff, 0xff, 0xff, 0xff, 0xff, 0xff, 0xff, 
	0xff, 0xff, 0xff, 0xff, 0xff, 0xff, 0xff, 0x9c, 
	0x08, 0x00, 0x18, 0x4a, 0x4a, 0xac, 0xff, 0xff, 
	0xff, 0xff, 0xff, 0xff, 0xff, 0xff, 0xff, 0xff, 
	0xff, 0xff, 0xff, 0xff, 0xff, 0xff, 0xff, 0xff, 
	0xff, 0xff, 0xff, 0xff, 0xff, 0xff, 0xd5, 0x39, 
	0x00, 0x00, 0x73, 0xbd, 0x8b, 0x6a, 0xde, 0xff, 
	0xff, 0xff, 0xff, 0xff, 0xff, 0xff, 0xff, 0xff, 
	0xff, 0xff, 0xff, 0xff, 0xff, 0xff, 0xff, 0xff, 
	0xff, 0xff, 0xff, 0xff, 0xff, 0xff, 0xcd, 0x10, 
	0x00, 0x08, 0x9c, 0xff, 0xa4, 0x4a, 0xd5, 0xff, 
	0xff, 0xff, 0xff, 0xff, 0xff, 0xff, 0xff, 0xff, 
	0xff, 0xff, 0xff, 0xff, 0xff, 0xff, 0xff, 0xff, 
	0xff, 0xff, 0xff, 0xff, 0xff, 0xff, 0xcd, 0x08, 
	0x00, 0x00, 0x73, 0xb4, 0x6a, 0x31, 0xd5, 0xff, 
	0xff, 0xff, 0xff, 0xff, 0xff, 0xff, 0xff, 0xff, 
	0xff, 0xff, 0xff, 0xff, 0xff, 0xff, 0xff, 0xff, 
	0xff, 0xff, 0xff, 0xff, 0xff, 0xff, 0xcd, 0x08, 
	0x00, 0x00, 0x29, 0x6a, 0x29, 0x18, 0xcd, 0xff, 
	0xff, 0xff, 0xff, 0xff, 0xff, 0xff, 0xff, 0xff, 
	0xff, 0xff, 0xff, 0xff, 0xff, 0xff, 0xff, 0xff, 
	0xff, 0xff, 0xff, 0xff, 0xff, 0xff, 0xcd, 0x08, 
	0x00, 0x00, 0x00, 0x29, 0x08, 0x10, 0xcd, 0xff, 
	0xff, 0xff, 0xff, 0xff, 0xff, 0xff, 0xff, 0xff, 
	0xff, 0xff, 0xff, 0xff, 0xff, 0xff, 0xff, 0xff, 
	0xff, 0xff, 0xff, 0xff, 0xff, 0xff, 0xcd, 0x08, 
	0x00, 0x00, 0x00, 0x00, 0x00, 0x10, 0xcd, 0xff, 
	0xff, 0xff, 0xff, 0xff, 0xff, 0xff, 0xff, 0xff, 
	0xff, 0xff, 0xff, 0xff, 0xff, 0xff, 0xff, 0xff, 
	0xff, 0xff, 0xff, 0xff, 0xff, 0xff, 0xcd, 0x10, 
	0x00, 0x00, 0x00, 0x00, 0x00, 0x10, 0xcd, 0xff, 
	0xff, 0xff, 0xff, 0xff, 0xff, 0xff, 0xff, 0xff, 
	0xff, 0xff, 0xff, 0xff, 0xff, 0xff, 0xff, 0xff, 
	0xff, 0xff, 0xff, 0xff, 0xff, 0xff, 0xd5, 0x39, 
	0x00, 0x00, 0x00, 0x00, 0x00, 0x39, 0xd5, 0xff, 
	0xff, 0xff, 0xff, 0xff, 0xff, 0xff, 0xff, 0xff, 
	0xff, 0xff, 0xff, 0xff, 0xff, 0xff, 0xff, 0xff, 
	0xff, 0xff, 0xff, 0xff, 0xff, 0xff, 0xff, 0x9c, 
	0x08, 0x00, 0x00, 0x00, 0x08, 0x9c, 0xff, 0xff, 
	0xff, 0xff, 0xff, 0xff, 0xff, 0xff, 0xff, 0xff, 
	0xff, 0xff, 0xff, 0xff, 0xff, 0xff, 0xff, 0xff, 
	0xff, 0xff, 0xff, 0xff, 0xff, 0xff, 0xff, 0xc5, 
	0x10, 0x00, 0x00, 0x00, 0x10, 0xc5, 0xff, 0xff, 
	0xff, 0xff, 0xff, 0xff, 0xff, 0xff, 0xff, 0xff, 
	0xff, 0xff, 0xff, 0xff, 0xff, 0xff, 0xff, 0xff, 
	0xff, 0xff, 0xff, 0xff, 0xff, 0xff, 0xff, 0xd5, 
	0x39, 0x00, 0x00, 0x00, 0x39, 0xd5, 0xff, 0xff, 
	0xff, 0xff, 0xff, 0xff, 0xff, 0xff, 0xff, 0xff, 
	0xff, 0xff, 0xff, 0xff, 0xff, 0xff, 0xff, 0xff, 
	0xff, 0xff, 0xff, 0xff, 0xff, 0xff, 0xff, 0xff, 
	0x9c, 0x08, 0x00, 0x08, 0x9c, 0xff, 0xff, 0xff, 
	0xff, 0xff, 0xff, 0xff, 0xff, 0xff, 0xff, 0xff, 
	0xff, 0xff, 0xff, 0xff, 0xff, 0xff, 0xff, 0xff, 
	0xff, 0xff, 0xff, 0xff, 0xff, 0xff, 0xff, 0xff, 
	0xcd, 0x41, 0x10, 0x41, 0xcd, 0xff, 0xff, 0xff, 
	0xff, 0xff, 0xff, 0xff, 0xff, 0xff, 0xff, 0xff, 
	0xff, 0xff, 0xff, 0xff, 0xff, 0xff, 0xff, 0xff, 
	0xff, 0xff, 0xff, 0xff, 0xff, 0xff, 0xff, 0xff, 
	0xff, 0xd5, 0xc5, 0xd5, 0xff, 0xff, 0xff, 0xff, 
	0xff, 0xff, 0xff, 0xff, 0xff, 0xff, 0xff, 0xff, 
	0xff, 0xff, 0xff, 0xff, 0xff, 0xff, 0xff, 0xff, 
	0xff, 0xff, 0xff, 0xff, 0xff, 0xff, 0xff, 0xff, 
	0xff, 0xff, 0xff, 0xff, 0xff, 0xff, 0xff, 0xff, 
	0xff, 0xff, 0xff, 0xff, 0xff, 0xff, 0xff, 0xff, 
	0xff, 0xff, 0xff, 0xff, 0xff, 0xff, 0xff, 0xff, 
	0xff, 0xff, 0xff, 0xff, 0xff, 0xff, 0xff, 0xff, 
	0xff, 0xff, 0xff, 0xff, 0xff, 0xff, 0xff, 0xff, 
	0xff, 0xff, 0xff, 0xff, 0xff, 0xff, 0xff, 0xff, 
	0xff, 0xff, 0xff, 0xff, 0xff, 0xff, 0xff, 0xff, 
	0xff, 0xff, 0xff, 0xff, 0xff, 0xff, 0xff, 0xff, 
	0xff, 0xff, 0xff, 0xff, 0xff, 0xff, 0xff, 0xff, 
	0xff, 0xff, 0xff, 0xff, 0xff, 0xff, 0xff, 0xff, 
	0xff, 0xff, 0xff, 0xff, 0xff, 0xff, 0xff, 0xff, 
	0xff, 0xff, 0xff, 0xff, 0xff, 0xff, 0xff, 0xff, 
	0xff, 0xff, 0xff, 0xff, 0xff, 0xff, 0xff, 0xff, 
	0xff, 0xff, 0xff, 0xff, 0xff, 0xff, 0xff, 0xff, 
	0xff, 0xff, 0xff, 0xff, 0xff, 0xff, 0xff, 0xff, 
	0xff, 0xff, 0xff, 0xff, 0xff, 0xff, 0xff, 0xff, 
	0xff, 0xff, 0xff, 0xff, 0xff, 0xff, 0xff, 0xff, 
	0xff, 0xff, 0xff, 0xff, 0xff, 0xff, 0xff, 0xff, 
	0xff, 0xff, 0xff, 0xff, 0xff, 0xff, 0xff, 0xff, 
	0xff, 0xff, 0xff, 0xff, 0xff, 0xff, 0xff, 0xff, 
	0xff, 0xff, 0xff, 0xff, 0xff, 0xff, 0xff, 0xff, 
	
};

Gfx mario_shell_koop_eyes_closed_i8_ci8_aligner[] = {gsSPEndDisplayList()};
u8 mario_shell_koop_eyes_closed_i8_ci8[] = {
	0x00, 0x00, 0x00, 0x00, 0x00, 0x00, 0x00, 0x00, 
	0x00, 0x00, 0x00, 0x00, 0x00, 0x00, 0x00, 0x00, 
	0x00, 0x00, 0x00, 0x00, 0x00, 0x00, 0x00, 0x00, 
	0x00, 0x00, 0x00, 0x00, 0x00, 0x00, 0x00, 0x00, 
	0x00, 0x00, 0x00, 0x00, 0x00, 0x00, 0x00, 0x00, 
	0x00, 0x00, 0x00, 0x00, 0x00, 0x00, 0x00, 0x00, 
	0x00, 0x00, 0x00, 0x00, 0x00, 0x00, 0x00, 0x00, 
	0x00, 0x00, 0x00, 0x00, 0x00, 0x00, 0x00, 0x00, 
	0x00, 0x00, 0x00, 0x00, 0x00, 0x00, 0x00, 0x00, 
	0x00, 0x00, 0x00, 0x00, 0x00, 0x00, 0x00, 0x00, 
	0x00, 0x00, 0x00, 0x00, 0x00, 0x00, 0x00, 0x00, 
	0x00, 0x00, 0x00, 0x00, 0x00, 0x00, 0x00, 0x00, 
	0x00, 0x00, 0x00, 0x00, 0x00, 0x00, 0x00, 0x00, 
	0x00, 0x00, 0x00, 0x00, 0x00, 0x00, 0x00, 0x00, 
	0x00, 0x00, 0x00, 0x00, 0x00, 0x00, 0x00, 0x00, 
	0x00, 0x00, 0x00, 0x00, 0x00, 0x00, 0x00, 0x00, 
	0x00, 0x00, 0x00, 0x00, 0x00, 0x00, 0x00, 0x00, 
	0x00, 0x00, 0x00, 0x00, 0x00, 0x00, 0x00, 0x00, 
	0x00, 0x00, 0x00, 0x00, 0x00, 0x00, 0x00, 0x00, 
	0x00, 0x00, 0x00, 0x00, 0x00, 0x00, 0x00, 0x00, 
	0x00, 0x00, 0x00, 0x00, 0x00, 0x00, 0x00, 0x00, 
	0x00, 0x00, 0x00, 0x00, 0x00, 0x00, 0x00, 0x00, 
	0x00, 0x00, 0x00, 0x00, 0x00, 0x00, 0x00, 0x00, 
	0x00, 0x00, 0x00, 0x00, 0x00, 0x00, 0x00, 0x00, 
	0x00, 0x00, 0x00, 0x00, 0x00, 0x00, 0x00, 0x00, 
	0x00, 0x00, 0x00, 0x00, 0x00, 0x00, 0x00, 0x00, 
	0x00, 0x00, 0x00, 0x00, 0x00, 0x00, 0x00, 0x00, 
	0x00, 0x00, 0x00, 0x00, 0x00, 0x00, 0x00, 0x00, 
	0x00, 0x00, 0x00, 0x00, 0x00, 0x00, 0x00, 0x00, 
	0x00, 0x00, 0x00, 0x00, 0x00, 0x00, 0x00, 0x00, 
	0x00, 0x00, 0x00, 0x00, 0x00, 0x00, 0x00, 0x00, 
	0x00, 0x00, 0x00, 0x00, 0x00, 0x00, 0x00, 0x00, 
	0x00, 0x00, 0x00, 0x00, 0x00, 0x00, 0x00, 0x00, 
	0x00, 0x00, 0x00, 0x00, 0x00, 0x00, 0x00, 0x00, 
	0x00, 0x00, 0x00, 0x00, 0x00, 0x00, 0x00, 0x00, 
	0x00, 0x00, 0x00, 0x00, 0x00, 0x00, 0x00, 0x00, 
	0x00, 0x00, 0x00, 0x00, 0x00, 0x00, 0x00, 0x00, 
	0x00, 0x00, 0x00, 0x00, 0x00, 0x00, 0x00, 0x00, 
	0x00, 0x00, 0x00, 0x00, 0x00, 0x00, 0x00, 0x00, 
	0x00, 0x00, 0x00, 0x00, 0x00, 0x00, 0x00, 0x00, 
	0x00, 0x00, 0x00, 0x00, 0x00, 0x00, 0x00, 0x00, 
	0x00, 0x00, 0x00, 0x00, 0x00, 0x00, 0x00, 0x00, 
	0x00, 0x00, 0x00, 0x00, 0x00, 0x00, 0x00, 0x00, 
	0x00, 0x00, 0x00, 0x00, 0x00, 0x00, 0x00, 0x00, 
	0x00, 0x00, 0x00, 0x00, 0x00, 0x00, 0x00, 0x00, 
	0x00, 0x00, 0x00, 0x00, 0x00, 0x00, 0x00, 0x00, 
	0x00, 0x00, 0x00, 0x00, 0x00, 0x00, 0x00, 0x00, 
	0x00, 0x00, 0x00, 0x00, 0x00, 0x00, 0x00, 0x00, 
	0x00, 0x00, 0x00, 0x00, 0x00, 0x00, 0x00, 0x00, 
	0x00, 0x00, 0x00, 0x00, 0x00, 0x00, 0x00, 0x00, 
	0x00, 0x00, 0x00, 0x00, 0x00, 0x00, 0x00, 0x00, 
	0x00, 0x00, 0x00, 0x00, 0x00, 0x00, 0x00, 0x00, 
	0x00, 0x00, 0x00, 0x00, 0x00, 0x00, 0x00, 0x00, 
	0x00, 0x00, 0x00, 0x00, 0x00, 0x00, 0x00, 0x00, 
	0x00, 0x00, 0x00, 0x00, 0x00, 0x00, 0x00, 0x00, 
	0x00, 0x00, 0x00, 0x00, 0x00, 0x00, 0x00, 0x00, 
	0x00, 0x00, 0x00, 0x00, 0x00, 0x00, 0x00, 0x00, 
	0x00, 0x00, 0x00, 0x00, 0x00, 0x00, 0x00, 0x00, 
	0x00, 0x00, 0x00, 0x00, 0x00, 0x00, 0x00, 0x00, 
	0x00, 0x00, 0x00, 0x00, 0x00, 0x00, 0x00, 0x00, 
	0x00, 0x00, 0x00, 0x00, 0x00, 0x00, 0x00, 0x00, 
	0x00, 0x00, 0x00, 0x00, 0x00, 0x00, 0x00, 0x00, 
	0x00, 0x00, 0x00, 0x00, 0x00, 0x00, 0x00, 0x00, 
	0x00, 0x00, 0x00, 0x00, 0x00, 0x00, 0x00, 0x00, 
	0x00, 0x00, 0x00, 0x00, 0x00, 0x00, 0x00, 0x00, 
	0x00, 0x00, 0x00, 0x00, 0x00, 0x00, 0x00, 0x00, 
	0x00, 0x00, 0x00, 0x00, 0x00, 0x00, 0x01, 0x01, 
	0x02, 0x03, 0x02, 0x02, 0x03, 0x02, 0x00, 0x00, 
	0x00, 0x00, 0x00, 0x00, 0x00, 0x00, 0x00, 0x00, 
	0x00, 0x00, 0x00, 0x00, 0x00, 0x00, 0x00, 0x00, 
	0x00, 0x00, 0x00, 0x00, 0x04, 0x05, 0x06, 0x07, 
	0x08, 0x08, 0x08, 0x08, 0x08, 0x09, 0x0a, 0x00, 
	0x00, 0x00, 0x00, 0x00, 0x00, 0x00, 0x00, 0x00, 
	0x00, 0x00, 0x00, 0x00, 0x00, 0x00, 0x00, 0x00, 
	0x00, 0x00, 0x00, 0x00, 0x00, 0x0a, 0x08, 0x08, 
	0x08, 0x08, 0x08, 0x08, 0x08, 0x06, 0x0b, 0x00, 
	0x00, 0x00, 0x00, 0x00, 0x00, 0x00, 0x00, 0x00, 
	0x00, 0x00, 0x00, 0x00, 0x00, 0x00, 0x00, 0x00, 
	0x00, 0x00, 0x00, 0x00, 0x00, 0x0c, 0x0d, 0x0e, 
	0x08, 0x08, 0x08, 0x08, 0x08, 0x0f, 0x02, 0x00, 
	0x00, 0x00, 0x00, 0x00, 0x00, 0x00, 0x00, 0x00, 
	0x00, 0x00, 0x00, 0x00, 0x00, 0x00, 0x00, 0x00, 
	0x00, 0x00, 0x00, 0x00, 0x00, 0x00, 0x01, 0x04, 
	0x10, 0x11, 0x12, 0x0d, 0x13, 0x14, 0x00, 0x00, 
	0x00, 0x00, 0x00, 0x00, 0x00, 0x00, 0x00, 0x00, 
	0x00, 0x00, 0x00, 0x00, 0x00, 0x00, 0x00, 0x00, 
	0x00, 0x00, 0x00, 0x00, 0x00, 0x00, 0x00, 0x15, 
	0x16, 0x01, 0x01, 0x17, 0x17, 0x00, 0x00, 0x00, 
	0x00, 0x00, 0x00, 0x00, 0x00, 0x00, 0x00, 0x00, 
	0x00, 0x00, 0x00, 0x00, 0x00, 0x00, 0x00, 0x00, 
	0x00, 0x00, 0x00, 0x00, 0x00, 0x00, 0x00, 0x00, 
	0x00, 0x00, 0x00, 0x00, 0x00, 0x00, 0x00, 0x00, 
	0x00, 0x00, 0x00, 0x00, 0x00, 0x00, 0x00, 0x00, 
	0x00, 0x00, 0x00, 0x00, 0x00, 0x00, 0x00, 0x00, 
	0x00, 0x00, 0x00, 0x00, 0x00, 0x00, 0x00, 0x00, 
	0x00, 0x00, 0x00, 0x00, 0x00, 0x00, 0x00, 0x00, 
	0x00, 0x00, 0x00, 0x00, 0x00, 0x00, 0x00, 0x00, 
	0x00, 0x00, 0x00, 0x00, 0x00, 0x00, 0x00, 0x00, 
	0x00, 0x00, 0x00, 0x00, 0x00, 0x00, 0x00, 0x00, 
	0x00, 0x00, 0x00, 0x00, 0x00, 0x00, 0x00, 0x00, 
	0x00, 0x00, 0x00, 0x00, 0x00, 0x00, 0x00, 0x00, 
	0x00, 0x00, 0x00, 0x00, 0x00, 0x00, 0x00, 0x00, 
	0x00, 0x00, 0x00, 0x00, 0x00, 0x00, 0x00, 0x00, 
	0x00, 0x00, 0x00, 0x00, 0x00, 0x00, 0x00, 0x00, 
	0x00, 0x00, 0x00, 0x00, 0x00, 0x00, 0x00, 0x00, 
	0x00, 0x00, 0x00, 0x00, 0x00, 0x00, 0x00, 0x00, 
	0x00, 0x00, 0x00, 0x00, 0x00, 0x00, 0x00, 0x00, 
	0x00, 0x00, 0x00, 0x00, 0x00, 0x00, 0x00, 0x00, 
	0x00, 0x00, 0x00, 0x00, 0x00, 0x00, 0x00, 0x00, 
	0x00, 0x00, 0x00, 0x00, 0x00, 0x00, 0x00, 0x00, 
	0x00, 0x00, 0x00, 0x00, 0x00, 0x00, 0x00, 0x00, 
	0x00, 0x00, 0x00, 0x00, 0x00, 0x00, 0x00, 0x00, 
	0x00, 0x00, 0x00, 0x00, 0x00, 0x00, 0x00, 0x00, 
	0x00, 0x00, 0x00, 0x00, 0x00, 0x00, 0x00, 0x00, 
	0x00, 0x00, 0x00, 0x00, 0x00, 0x00, 0x00, 0x00, 
	0x00, 0x00, 0x00, 0x00, 0x00, 0x00, 0x00, 0x00, 
	0x00, 0x00, 0x00, 0x00, 0x00, 0x00, 0x00, 0x00, 
	0x00, 0x00, 0x00, 0x00, 0x00, 0x00, 0x00, 0x00, 
	0x00, 0x00, 0x00, 0x00, 0x00, 0x00, 0x00, 0x00, 
	0x00, 0x00, 0x00, 0x00, 0x00, 0x00, 0x00, 0x00, 
	0x00, 0x00, 0x00, 0x00, 0x00, 0x00, 0x00, 0x00, 
	0x00, 0x00, 0x00, 0x00, 0x00, 0x00, 0x00, 0x00, 
	0x00, 0x00, 0x00, 0x00, 0x00, 0x00, 0x00, 0x00, 
	0x00, 0x00, 0x00, 0x00, 0x00, 0x00, 0x00, 0x00, 
	0x00, 0x00, 0x00, 0x00, 0x00, 0x00, 0x00, 0x00, 
	0x00, 0x00, 0x00, 0x00, 0x00, 0x00, 0x00, 0x00, 
	0x00, 0x00, 0x00, 0x00, 0x00, 0x00, 0x00, 0x00, 
	0x00, 0x00, 0x00, 0x00, 0x00, 0x00, 0x00, 0x00, 
	
};

Gfx mario_shell_koop_eyes_closed_i8_pal_rgba16_aligner[] = {gsSPEndDisplayList()};
u8 mario_shell_koop_eyes_closed_i8_pal_rgba16[] = {
	0xff, 0xff, 0xef, 0x7b, 0xe7, 0x39, 0xde, 0xf7, 
	0x94, 0xa5, 0x42, 0x11, 0x10, 0x85, 0x08, 0x83, 
	0x00, 0x01, 0x10, 0xc5, 0x63, 0x19, 0xbd, 0xef, 
	0xd6, 0xf7, 0x7b, 0xdf, 0x08, 0x43, 0xad, 0x6b, 
	0x4a, 0x53, 0x31, 0x8d, 0x39, 0xd1, 0xd6, 0xb5, 
	0xef, 0x7d, 0xff, 0xfd, 0xf7, 0xbb, 0xf7, 0xbd, 
	
};

Gfx mario_shell_koop_eyes_dead_i8_i8_aligner[] = {gsSPEndDisplayList()};
u8 mario_shell_koop_eyes_dead_i8_i8[] = {
	0xff, 0xff, 0xff, 0xff, 0xff, 0xff, 0xff, 0xff, 
	0xff, 0xff, 0xff, 0xff, 0xff, 0xff, 0xff, 0xff, 
	0xff, 0xff, 0xff, 0xff, 0xff, 0xff, 0xff, 0xff, 
	0xff, 0xff, 0xff, 0xff, 0xff, 0xff, 0xff, 0xff, 
	0xff, 0xff, 0xff, 0xff, 0xff, 0xff, 0xff, 0xff, 
	0xff, 0xff, 0xff, 0xff, 0xff, 0xff, 0xff, 0xff, 
	0xff, 0xff, 0xff, 0xff, 0xff, 0xff, 0xff, 0xff, 
	0xff, 0xff, 0xff, 0xff, 0xff, 0xff, 0xff, 0xff, 
	0xff, 0xff, 0xff, 0xff, 0xff, 0xff, 0xff, 0xff, 
	0xff, 0xff, 0xff, 0xff, 0xff, 0xff, 0xff, 0xff, 
	0xff, 0xff, 0xff, 0xff, 0xff, 0xff, 0xff, 0xff, 
	0xff, 0xff, 0xff, 0xff, 0xff, 0xff, 0xff, 0xff, 
	0xff, 0xff, 0xff, 0xff, 0xff, 0xff, 0xff, 0xff, 
	0xff, 0xff, 0xff, 0xff, 0xff, 0xff, 0xff, 0xff, 
	0xff, 0xff, 0xff, 0xff, 0xff, 0xff, 0xff, 0xff, 
	0xff, 0xff, 0xff, 0xff, 0xff, 0xff, 0xff, 0xff, 
	0xff, 0xff, 0xff, 0xff, 0xff, 0xff, 0xff, 0xff, 
	0xff, 0xff, 0xff, 0xff, 0xff, 0xff, 0xff, 0xff, 
	0xff, 0xff, 0xff, 0xff, 0xff, 0xff, 0xff, 0xff, 
	0xff, 0xff, 0xff, 0xff, 0xff, 0xff, 0xff, 0xff, 
	0xff, 0xff, 0xff, 0xff, 0xff, 0xff, 0xff, 0xff, 
	0xff, 0xff, 0xff, 0xff, 0xff, 0xff, 0xff, 0xff, 
	0xff, 0xff, 0xff, 0xff, 0xff, 0xff, 0xff, 0xff, 
	0xff, 0xff, 0xff, 0xff, 0xff, 0xff, 0xff, 0xff, 
	0xff, 0xff, 0xff, 0xff, 0xff, 0xff, 0xff, 0xff, 
	0xff, 0xff, 0xff, 0xff, 0xff, 0xff, 0xff, 0xff, 
	0xff, 0xff, 0xff, 0xff, 0xff, 0xff, 0xff, 0xff, 
	0xff, 0xff, 0xff, 0xff, 0xff, 0xff, 0xff, 0xff, 
	0xff, 0xff, 0xff, 0xff, 0xff, 0xff, 0xff, 0xff, 
	0xff, 0xff, 0xff, 0xff, 0xff, 0xff, 0xff, 0xff, 
	0xff, 0xff, 0xff, 0xff, 0xff, 0xff, 0xff, 0xff, 
	0xff, 0xff, 0xff, 0xff, 0xff, 0xff, 0xff, 0xff, 
	0xff, 0xff, 0xff, 0xff, 0xff, 0xff, 0xff, 0xff, 
	0xff, 0xff, 0xff, 0xff, 0xff, 0xff, 0xff, 0xff, 
	0xff, 0xff, 0xff, 0xff, 0xff, 0xff, 0xff, 0xff, 
	0xff, 0xff, 0xff, 0xff, 0xff, 0xff, 0xff, 0xff, 
	0xff, 0xff, 0xff, 0xff, 0xff, 0xff, 0xff, 0xff, 
	0xff, 0xff, 0xff, 0xff, 0xff, 0xff, 0xff, 0xff, 
	0xff, 0xff, 0xff, 0xff, 0xd9, 0xcf, 0xff, 0xff, 
	0xff, 0xff, 0xff, 0xff, 0xff, 0xdf, 0x7b, 0xe9, 
	0xff, 0xff, 0xff, 0xff, 0xff, 0xff, 0xff, 0xff, 
	0xff, 0xff, 0xff, 0xff, 0xff, 0xff, 0xff, 0xff, 
	0xff, 0xff, 0xff, 0xff, 0x6e, 0x1f, 0xc1, 0xff, 
	0xff, 0xff, 0xff, 0xff, 0xec, 0x1f, 0x1f, 0xd1, 
	0xff, 0xff, 0xff, 0xff, 0xff, 0xff, 0xff, 0xff, 
	0xff, 0xff, 0xff, 0xff, 0xff, 0xff, 0xff, 0xff, 
	0xff, 0xff, 0xff, 0xff, 0xe9, 0x1f, 0x1f, 0xd4, 
	0xff, 0xff, 0xff, 0xec, 0x1f, 0x1f, 0xba, 0xff, 
	0xff, 0xff, 0xff, 0xff, 0xff, 0xff, 0xff, 0xff, 
	0xff, 0xff, 0xff, 0xff, 0xff, 0xff, 0xff, 0xff, 
	0xff, 0xff, 0xff, 0xff, 0xff, 0xdc, 0x1f, 0x1f, 
	0xef, 0xff, 0xe8, 0x1f, 0x1f, 0xb8, 0xff, 0xff, 
	0xff, 0xff, 0xff, 0xff, 0xff, 0xff, 0xff, 0xff, 
	0xff, 0xff, 0xff, 0xff, 0xff, 0xff, 0xff, 0xff, 
	0xff, 0xff, 0xff, 0xff, 0xff, 0xff, 0xbb, 0x1f, 
	0x1f, 0xb9, 0x1f, 0x1f, 0xbd, 0xff, 0xff, 0xff, 
	0xff, 0xff, 0xff, 0xff, 0xff, 0xff, 0xff, 0xff, 
	0xff, 0xff, 0xff, 0xff, 0xff, 0xff, 0xff, 0xff, 
	0xff, 0xff, 0xff, 0xff, 0xff, 0xff, 0xff, 0x66, 
	0x00, 0x00, 0x1f, 0xb3, 0xff, 0xff, 0xff, 0xff, 
	0xff, 0xff, 0xff, 0xff, 0xff, 0xff, 0xff, 0xff, 
	0xff, 0xff, 0xff, 0xff, 0xff, 0xff, 0xff, 0xff, 
	0xff, 0xff, 0xff, 0xff, 0xff, 0xff, 0xff, 0x95, 
	0x00, 0x00, 0x76, 0xff, 0xff, 0xff, 0xff, 0xff, 
	0xff, 0xff, 0xff, 0xff, 0xff, 0xff, 0xff, 0xff, 
	0xff, 0xff, 0xff, 0xff, 0xff, 0xff, 0xff, 0xff, 
	0xff, 0xff, 0xff, 0xff, 0xff, 0xff, 0xda, 0x1f, 
	0x00, 0x00, 0x1f, 0xec, 0xff, 0xff, 0xff, 0xff, 
	0xff, 0xff, 0xff, 0xff, 0xff, 0xff, 0xff, 0xff, 
	0xff, 0xff, 0xff, 0xff, 0xff, 0xff, 0xff, 0xff, 
	0xff, 0xff, 0xff, 0xff, 0xff, 0xe3, 0x1f, 0x1f, 
	0x8b, 0x25, 0x00, 0x66, 0xff, 0xff, 0xff, 0xff, 
	0xff, 0xff, 0xff, 0xff, 0xff, 0xff, 0xff, 0xff, 
	0xff, 0xff, 0xff, 0xff, 0xff, 0xff, 0xff, 0xff, 
	0xff, 0xff, 0xff, 0xff, 0xe5, 0x1f, 0x1f, 0xb4, 
	0xff, 0xf9, 0x21, 0x1f, 0xad, 0xff, 0xff, 0xff, 
	0xff, 0xff, 0xff, 0xff, 0xff, 0xff, 0xff, 0xff, 
	0xff, 0xff, 0xff, 0xff, 0xff, 0xff, 0xff, 0xff, 
	0xff, 0xff, 0xff, 0xe2, 0x1f, 0x1f, 0xb4, 0xff, 
	0xff, 0xff, 0xee, 0x1f, 0x1f, 0xd5, 0xff, 0xff, 
	0xff, 0xff, 0xff, 0xff, 0xff, 0xff, 0xff, 0xff, 
	0xff, 0xff, 0xff, 0xff, 0xff, 0xff, 0xff, 0xff, 
	0xff, 0xff, 0xfd, 0x3b, 0x1f, 0xc0, 0xff, 0xff, 
	0xff, 0xff, 0xff, 0xd9, 0x1f, 0x1f, 0xef, 0xff, 
	0xff, 0xff, 0xff, 0xff, 0xff, 0xff, 0xff, 0xff, 
	0xff, 0xff, 0xff, 0xff, 0xff, 0xff, 0xff, 0xff, 
	0xff, 0xff, 0xff, 0xa6, 0xcc, 0xff, 0xff, 0xff, 
	0xff, 0xff, 0xff, 0xff, 0xc4, 0x1f, 0x9f, 0xff, 
	0xff, 0xff, 0xff, 0xff, 0xff, 0xff, 0xff, 0xff, 
	0xff, 0xff, 0xff, 0xff, 0xff, 0xff, 0xff, 0xff, 
	0xff, 0xff, 0xff, 0xff, 0xff, 0xff, 0xff, 0xff, 
	0xff, 0xff, 0xff, 0xff, 0xff, 0xe0, 0xfb, 0xff, 
	0xff, 0xff, 0xff, 0xff, 0xff, 0xff, 0xff, 0xff, 
	0xff, 0xff, 0xff, 0xff, 0xff, 0xff, 0xff, 0xff, 
	0xff, 0xff, 0xff, 0xff, 0xff, 0xff, 0xff, 0xff, 
	0xff, 0xff, 0xff, 0xff, 0xff, 0xff, 0xff, 0xff, 
	0xff, 0xff, 0xff, 0xff, 0xff, 0xff, 0xff, 0xff, 
	0xff, 0xff, 0xff, 0xff, 0xff, 0xff, 0xff, 0xff, 
	0xff, 0xff, 0xff, 0xff, 0xff, 0xff, 0xff, 0xff, 
	0xff, 0xff, 0xff, 0xff, 0xff, 0xff, 0xff, 0xff, 
	0xff, 0xff, 0xff, 0xff, 0xff, 0xff, 0xff, 0xff, 
	0xff, 0xff, 0xff, 0xff, 0xff, 0xff, 0xff, 0xff, 
	0xff, 0xff, 0xff, 0xff, 0xff, 0xff, 0xff, 0xff, 
	0xff, 0xff, 0xff, 0xff, 0xff, 0xff, 0xff, 0xff, 
	0xff, 0xff, 0xff, 0xff, 0xff, 0xff, 0xff, 0xff, 
	0xff, 0xff, 0xff, 0xff, 0xff, 0xff, 0xff, 0xff, 
	0xff, 0xff, 0xff, 0xff, 0xff, 0xff, 0xff, 0xff, 
	0xff, 0xff, 0xff, 0xff, 0xff, 0xff, 0xff, 0xff, 
	0xff, 0xff, 0xff, 0xff, 0xff, 0xff, 0xff, 0xff, 
	0xff, 0xff, 0xff, 0xff, 0xff, 0xff, 0xff, 0xff, 
	0xff, 0xff, 0xff, 0xff, 0xff, 0xff, 0xff, 0xff, 
	0xff, 0xff, 0xff, 0xff, 0xff, 0xff, 0xff, 0xff, 
	0xff, 0xff, 0xff, 0xff, 0xff, 0xff, 0xff, 0xff, 
	0xff, 0xff, 0xff, 0xff, 0xff, 0xff, 0xff, 0xff, 
	0xff, 0xff, 0xff, 0xff, 0xff, 0xff, 0xff, 0xff, 
	0xff, 0xff, 0xff, 0xff, 0xff, 0xff, 0xff, 0xff, 
	0xff, 0xff, 0xff, 0xff, 0xff, 0xff, 0xff, 0xff, 
	0xff, 0xff, 0xff, 0xff, 0xff, 0xff, 0xff, 0xff, 
	0xff, 0xff, 0xff, 0xff, 0xff, 0xff, 0xff, 0xff, 
	0xff, 0xff, 0xff, 0xff, 0xff, 0xff, 0xff, 0xff, 
	0xff, 0xff, 0xff, 0xff, 0xff, 0xff, 0xff, 0xff, 
	0xff, 0xff, 0xff, 0xff, 0xff, 0xff, 0xff, 0xff, 
	0xff, 0xff, 0xff, 0xff, 0xff, 0xff, 0xff, 0xff, 
	0xff, 0xff, 0xff, 0xff, 0xff, 0xff, 0xff, 0xff, 
	0xff, 0xff, 0xff, 0xff, 0xff, 0xff, 0xff, 0xff, 
	0xff, 0xff, 0xff, 0xff, 0xff, 0xff, 0xff, 0xff, 
	0xff, 0xff, 0xff, 0xff, 0xff, 0xff, 0xff, 0xff, 
	0xff, 0xff, 0xff, 0xff, 0xff, 0xff, 0xff, 0xff, 
	
};

Gfx mario_shell_wingCombined_ia4_aligner[] = {gsSPEndDisplayList()};
u8 mario_shell_wingCombined_ia4[] = {
	0x00, 0x00, 0x00, 0x00, 0x00, 0x00, 0x00, 0x00, 
	0x00, 0x00, 0x00, 0x00, 0x00, 0x00, 0x00, 0x00, 
	0x00, 0x00, 0x00, 0x00, 0x00, 0x00, 0x00, 0x00, 
	0x00, 0x00, 0x00, 0x00, 0x00, 0x00, 0x00, 0x00, 
	0x00, 0x00, 0x00, 0x00, 0x00, 0x00, 0x00, 0x00, 
	0x00, 0x00, 0x00, 0x00, 0x00, 0x00, 0x00, 0x00, 
	0x00, 0x00, 0x00, 0x00, 0x00, 0x00, 0x00, 0x00, 
	0x00, 0x00, 0x00, 0x00, 0x00, 0x00, 0x00, 0x00, 
	0x00, 0x00, 0x00, 0x00, 0x00, 0x00, 0x00, 0x00, 
	0x00, 0x00, 0x00, 0x00, 0x00, 0x00, 0x00, 0x00, 
	0x00, 0x00, 0x00, 0x00, 0x00, 0x00, 0x00, 0x00, 
	0x00, 0x00, 0x00, 0x00, 0x00, 0x00, 0x00, 0x00, 
	0x00, 0x00, 0x00, 0x00, 0x00, 0x00, 0x00, 0x00, 
	0x00, 0x00, 0x00, 0x00, 0x00, 0x00, 0x00, 0x00, 
	0x00, 0x00, 0x00, 0x00, 0x00, 0x00, 0x00, 0x00, 
	0x00, 0x09, 0x00, 0x00, 0x00, 0x00, 0x00, 0x00, 
	0x00, 0x00, 0x00, 0x00, 0x00, 0x00, 0x00, 0x00, 
	0x00, 0x00, 0x00, 0x00, 0x00, 0x00, 0x00, 0x00, 
	0x00, 0x00, 0x00, 0x00, 0x00, 0x00, 0x00, 0x00, 
	0x00, 0x7b, 0x00, 0x00, 0x00, 0x00, 0x00, 0x00, 
	0x00, 0x00, 0x00, 0x00, 0x00, 0x00, 0x00, 0x00, 
	0x00, 0x00, 0x00, 0x00, 0x00, 0x00, 0x00, 0x00, 
	0x00, 0x00, 0x00, 0x00, 0x00, 0x00, 0x00, 0x00, 
	0xbb, 0xbd, 0x00, 0x00, 0x00, 0x00, 0x00, 0x00, 
	0x00, 0x00, 0x00, 0x00, 0x00, 0x00, 0x00, 0x00, 
	0x00, 0x00, 0x00, 0x00, 0x00, 0x09, 0x9b, 0xbb, 
	0xbb, 0xbb, 0xbb, 0xbb, 0xbb, 0xbb, 0xdd, 0xbd, 
	0xbd, 0xfd, 0x00, 0x00, 0x00, 0x00, 0x00, 0x00, 
	0x00, 0x00, 0x00, 0x00, 0x00, 0x00, 0x00, 0x00, 
	0x00, 0x00, 0x00, 0x07, 0x99, 0x9b, 0xbb, 0xdb, 
	0xdd, 0xdf, 0xdf, 0xdf, 0xff, 0xdf, 0xdd, 0xfd, 
	0xff, 0xfb, 0x00, 0x00, 0x00, 0x00, 0x00, 0x00, 
	0x00, 0x00, 0x00, 0x00, 0x00, 0x00, 0x00, 0x00, 
	0x00, 0x00, 0x07, 0x79, 0x99, 0xbb, 0xbd, 0xdd, 
	0xdd, 0xdf, 0xff, 0xff, 0xff, 0xff, 0xff, 0xff, 
	0xff, 0xdb, 0x00, 0x00, 0x00, 0x00, 0x00, 0x00, 
	0x00, 0x00, 0x00, 0x00, 0x00, 0x00, 0x00, 0x00, 
	0x00, 0x07, 0x77, 0x99, 0x9b, 0xbb, 0xbd, 0xdd, 
	0xff, 0xff, 0xff, 0xff, 0xff, 0xff, 0xff, 0xff, 
	0xff, 0xd9, 0x00, 0x00, 0x00, 0x00, 0x00, 0x00, 
	0x00, 0x00, 0x00, 0x00, 0x00, 0x00, 0x00, 0x00, 
	0x00, 0x77, 0x79, 0x79, 0x9b, 0xdd, 0xdd, 0xff, 
	0xdf, 0xff, 0xff, 0xff, 0xff, 0xff, 0xff, 0xff, 
	0xfd, 0xb0, 0x00, 0x00, 0x00, 0x00, 0x00, 0x00, 
	0x00, 0x00, 0x00, 0x00, 0x00, 0x00, 0x00, 0x00, 
	0x77, 0x77, 0x79, 0x9b, 0xbb, 0xbd, 0xdd, 0xdf, 
	0xff, 0xff, 0xff, 0xff, 0xff, 0xff, 0xff, 0xff, 
	0xdb, 0x90, 0x00, 0x00, 0x00, 0x00, 0x00, 0x00, 
	0x00, 0x00, 0x00, 0x00, 0x00, 0x00, 0x00, 0x07, 
	0x77, 0x77, 0x79, 0x9b, 0xbb, 0xdd, 0xfd, 0xff, 
	0xff, 0xff, 0xff, 0xff, 0xff, 0xff, 0xff, 0xdd, 
	0xbb, 0x90, 0x00, 0x00, 0x00, 0x00, 0x00, 0x00, 
	0x00, 0x00, 0x00, 0x00, 0x00, 0x00, 0x00, 0x77, 
	0x77, 0x77, 0x99, 0xbb, 0xbd, 0xdd, 0xdd, 0xdf, 
	0xdd, 0xfd, 0xdf, 0xdf, 0xdf, 0xdf, 0xdd, 0xdb, 
	0xbb, 0x00, 0x00, 0x00, 0x00, 0x00, 0x00, 0x00, 
	0x00, 0x00, 0x00, 0x00, 0x00, 0x00, 0x00, 0x77, 
	0x77, 0x79, 0x99, 0xbb, 0xdd, 0xdd, 0xdd, 0xdb, 
	0xdd, 0xbd, 0xdb, 0xdd, 0xbd, 0xbb, 0xbb, 0xdd, 
	0xff, 0xdd, 0x00, 0x00, 0x00, 0x00, 0xb0, 0x00, 
	0x00, 0x00, 0x00, 0x00, 0x00, 0x00, 0x07, 0x77, 
	0x77, 0x79, 0x9b, 0xbb, 0xbd, 0xbd, 0xbd, 0xbb, 
	0xbb, 0xb9, 0xbb, 0xbb, 0xdd, 0xff, 0xff, 0xff, 
	0xff, 0xff, 0xdf, 0xfd, 0xfd, 0xdf, 0xd0, 0x00, 
	0x00, 0x00, 0x00, 0x00, 0x00, 0x00, 0x57, 0x77, 
	0x77, 0x99, 0xbb, 0xdb, 0xbb, 0xdb, 0xbb, 0xb9, 
	0xb9, 0xbb, 0xdd, 0xff, 0xff, 0xff, 0xff, 0xff, 
	0xff, 0xff, 0xff, 0xff, 0xff, 0xff, 0xb0, 0x00, 
	0x00, 0x00, 0x00, 0x00, 0x00, 0x00, 0x57, 0x77, 
	0x79, 0x99, 0xbb, 0xbd, 0xbb, 0x9b, 0x99, 0x9b, 
	0xbd, 0xdf, 0xff, 0xff, 0xff, 0xff, 0xff, 0xff, 
	0xff, 0xff, 0xff, 0xff, 0xff, 0xfb, 0x00, 0x00, 
	0x00, 0x00, 0x00, 0x00, 0x00, 0x05, 0x57, 0x77, 
	0x79, 0x9b, 0xbb, 0xbb, 0xbb, 0x99, 0xbb, 0xdd, 
	0xdd, 0xdd, 0xff, 0xff, 0xff, 0xff, 0xff, 0xff, 
	0xff, 0xff, 0xff, 0xff, 0xff, 0xd9, 0x00, 0x00, 
	0x00, 0x00, 0x00, 0x00, 0x00, 0x35, 0x77, 0x77, 
	0x99, 0xbb, 0xbb, 0xbb, 0x9b, 0x9b, 0xbd, 0xdd, 
	0xdd, 0xdd, 0xdd, 0xdd, 0xdf, 0xdf, 0xff, 0xff, 
	0xff, 0xff, 0xff, 0xff, 0xfd, 0xb7, 0x00, 0x00, 
	0x00, 0x00, 0x00, 0x00, 0x00, 0x35, 0x77, 0x77, 
	0x99, 0xbb, 0xbb, 0x9b, 0x9b, 0xbb, 0xdb, 0xdd, 
	0xdd, 0xdb, 0xdd, 0xbd, 0xbd, 0xbd, 0xdd, 0xdd, 
	0xff, 0xff, 0xff, 0xdd, 0xbb, 0x90, 0x00, 0x00, 
	0x00, 0x00, 0x00, 0x00, 0x03, 0x57, 0x77, 0x79, 
	0x9b, 0xbb, 0xbb, 0xb9, 0x9b, 0xbd, 0xdb, 0xbb, 
	0xbb, 0xbb, 0x9b, 0xb9, 0xbb, 0xb9, 0xbb, 0xbb, 
	0xbb, 0xbb, 0xdb, 0xbb, 0x99, 0x70, 0x00, 0x00, 
	0x00, 0x00, 0x00, 0x00, 0x03, 0x57, 0x77, 0x79, 
	0xbb, 0xbb, 0xb9, 0x9b, 0xbb, 0xbb, 0xbb, 0xbb, 
	0xbb, 0x9b, 0x99, 0x99, 0x99, 0x99, 0x99, 0x99, 
	0x9b, 0xb9, 0xb9, 0x99, 0x77, 0x00, 0x00, 0x00, 
	0x00, 0x00, 0x00, 0x00, 0x35, 0x77, 0x79, 0x99, 
	0xbb, 0xbb, 0xb9, 0xbb, 0xbb, 0xdb, 0xbb, 0xb9, 
	0x99, 0x99, 0x99, 0x77, 0x77, 0x77, 0x77, 0x79, 
	0x77, 0x97, 0x97, 0x97, 0x77, 0x00, 0x00, 0x00, 
	0x00, 0x00, 0x00, 0x00, 0x35, 0x77, 0x77, 0x9b, 
	0xbb, 0xbb, 0x9b, 0x9b, 0xbb, 0xbb, 0x99, 0x99, 
	0x99, 0x77, 0x77, 0x77, 0x77, 0x77, 0x77, 0x77, 
	0x77, 0x77, 0x77, 0x77, 0x50, 0x00, 0x00, 0x00, 
	0x00, 0x00, 0x00, 0x00, 0x35, 0x77, 0x79, 0x9b, 
	0xbb, 0xbb, 0x9b, 0xbb, 0xbb, 0xb9, 0x99, 0x99, 
	0x79, 0x77, 0x77, 0x77, 0x77, 0x75, 0x75, 0x77, 
	0x77, 0x77, 0x77, 0x55, 0x00, 0x00, 0x00, 0x00, 
	0x00, 0x00, 0x00, 0x03, 0x57, 0x77, 0x79, 0xbb, 
	0xbb, 0xb9, 0x9b, 0xbb, 0xbb, 0x99, 0x97, 0x77, 
	0x77, 0x77, 0x77, 0x57, 0x77, 0x77, 0x77, 0x77, 
	0x57, 0x55, 0x35, 0x00, 0x00, 0x00, 0x00, 0x00, 
	0x00, 0x00, 0x00, 0x03, 0x77, 0x77, 0x99, 0x9b, 
	0xbb, 0x99, 0xbb, 0xbb, 0xbb, 0x99, 0x97, 0x77, 
	0x77, 0x77, 0x77, 0x77, 0x77, 0x77, 0x77, 0x77, 
	0x77, 0x50, 0x00, 0x00, 0x00, 0x00, 0x00, 0x00, 
	0x00, 0x00, 0x00, 0x35, 0x57, 0x77, 0x99, 0xbb, 
	0xb9, 0x99, 0xbb, 0xbb, 0x99, 0x97, 0x77, 0x77, 
	0x77, 0x77, 0x77, 0x79, 0x99, 0x9b, 0x9b, 0xb9, 
	0x9d, 0x00, 0x00, 0x00, 0x00, 0x00, 0x00, 0x00, 
	0x00, 0x00, 0x00, 0x35, 0x77, 0x79, 0x9b, 0xbb, 
	0x99, 0x9b, 0xbb, 0xb9, 0x99, 0x97, 0x77, 0x77, 
	0x77, 0xbb, 0xff, 0xff, 0xff, 0xff, 0xff, 0xff, 
	0xff, 0xf0, 0x00, 0x00, 0x00, 0x00, 0x00, 0x00, 
	0x00, 0x00, 0x00, 0x55, 0x77, 0x79, 0x9b, 0xbb, 
	0x99, 0xbb, 0x9b, 0x99, 0x97, 0x77, 0x77, 0x9d, 
	0xdd, 0xfd, 0xdf, 0xdf, 0xdf, 0xff, 0xff, 0xff, 
	0xff, 0xff, 0x00, 0x00, 0x00, 0x00, 0x00, 0x00, 
	0x00, 0x00, 0x03, 0x57, 0x77, 0x79, 0xbb, 0xb9, 
	0x99, 0x9b, 0xbb, 0x99, 0x97, 0x77, 0x9b, 0xdd, 
	0xdd, 0xdd, 0xdd, 0xdd, 0xfd, 0xfd, 0xff, 0xff, 
	0xff, 0xff, 0xf0, 0x00, 0x00, 0x00, 0x00, 0x00, 
	0x00, 0x00, 0x03, 0x57, 0x77, 0x99, 0xbb, 0xb9, 
	0x9b, 0xbb, 0x9b, 0x99, 0x77, 0x7b, 0xbb, 0xdb, 
	0xdb, 0xdd, 0xdd, 0xdd, 0xdd, 0xdd, 0xdd, 0xdd, 
	0xfd, 0xff, 0xd0, 0x00, 0x00, 0x00, 0x00, 0x00, 
	0x00, 0x00, 0x03, 0x77, 0x77, 0x99, 0xbb, 0x99, 
	0x9b, 0x9b, 0x99, 0x79, 0x79, 0x9b, 0xbb, 0xbb, 
	0xdb, 0xbb, 0xbd, 0xbd, 0xbd, 0xbd, 0xbd, 0xdd, 
	0xdd, 0xbd, 0x90, 0x00, 0x00, 0x00, 0x00, 0x00, 
	0x00, 0x00, 0x35, 0x77, 0x79, 0x9b, 0xb9, 0x99, 
	0x9b, 0xb9, 0x99, 0x99, 0x79, 0x99, 0x9b, 0xbb, 
	0x9b, 0xbb, 0xbb, 0xbb, 0xbb, 0xbd, 0xbb, 0xbb, 
	0xbb, 0xb9, 0x00, 0x00, 0x00, 0x00, 0x00, 0x00, 
	0x00, 0x00, 0x35, 0x77, 0x79, 0x9b, 0xb9, 0x99, 
	0xbb, 0xbb, 0x9b, 0xdf, 0xfd, 0xdb, 0x99, 0x9b, 
	0x9b, 0xb9, 0xbb, 0xbb, 0xbb, 0xbb, 0xbb, 0x9b, 
	0x99, 0x70, 0x00, 0x00, 0x00, 0x00, 0x00, 0x00, 
	0x00, 0x00, 0x35, 0x77, 0x79, 0x9b, 0xb9, 0x99, 
	0xb9, 0x99, 0xbd, 0xff, 0xff, 0xff, 0xb9, 0x79, 
	0x79, 0x99, 0x99, 0x99, 0x99, 0x99, 0x99, 0x97, 
	0x77, 0x00, 0x00, 0x00, 0x00, 0x00, 0x00, 0x00, 
	0x00, 0x00, 0x37, 0x77, 0x79, 0x9b, 0x99, 0xb9, 
	0xbb, 0x9b, 0xdd, 0xff, 0xff, 0xff, 0xfb, 0x77, 
	0x77, 0x77, 0x77, 0x79, 0x77, 0x77, 0x77, 0x75, 
	0x00, 0x00, 0x00, 0x00, 0x00, 0x00, 0x00, 0x00, 
	0x00, 0x00, 0x57, 0x77, 0x99, 0xb9, 0x99, 0x9b, 
	0xb9, 0x9d, 0xdd, 0xdd, 0xdf, 0xff, 0xff, 0x97, 
	0x77, 0x77, 0x77, 0x77, 0x77, 0x75, 0x50, 0x00, 
	0x00, 0x00, 0x00, 0x00, 0x00, 0x00, 0x00, 0x00, 
	0x00, 0x03, 0x57, 0x77, 0x99, 0xb9, 0x99, 0x99, 
	0xb9, 0xbb, 0xbb, 0xdd, 0xdd, 0xdd, 0xdf, 0xdf, 
	0xfd, 0xfd, 0xdd, 0x99, 0x97, 0x77, 0x00, 0x00, 
	0x00, 0x00, 0x00, 0x00, 0x00, 0x00, 0x00, 0x00, 
	0x00, 0x03, 0x57, 0x77, 0x99, 0x99, 0x99, 0xbb, 
	0x9b, 0x9b, 0xbb, 0xbb, 0xbb, 0xbd, 0xb9, 0xdd, 
	0xdd, 0xfd, 0xdf, 0xff, 0xff, 0xff, 0xb0, 0x00, 
	0x00, 0x00, 0x00, 0x00, 0x00, 0x00, 0x00, 0x00, 
	0x00, 0x03, 0x77, 0x79, 0x9b, 0x99, 0x99, 0xb9, 
	0x97, 0x77, 0x99, 0x99, 0x99, 0x99, 0x7b, 0xdd, 
	0xdb, 0xdd, 0xdd, 0xdd, 0xdd, 0xdd, 0xb0, 0x00, 
	0x00, 0x00, 0x00, 0x00, 0x00, 0x00, 0x00, 0x00, 
	0x00, 0x05, 0x77, 0x77, 0x9b, 0x79, 0x9b, 0xb9, 
	0x95, 0x77, 0x77, 0x77, 0x77, 0x77, 0x9b, 0xbb, 
	0xbb, 0xbb, 0xbb, 0xbd, 0xbd, 0xb9, 0x00, 0x00, 
	0x00, 0x00, 0x00, 0x00, 0x00, 0x00, 0x00, 0x00, 
	0x00, 0x03, 0x77, 0x79, 0x99, 0x99, 0x99, 0x99, 
	0x77, 0x57, 0x55, 0x55, 0x55, 0x79, 0x99, 0x99, 
	0x9b, 0xb9, 0xb9, 0xb9, 0x99, 0x70, 0x00, 0x00, 
	0x00, 0x00, 0x00, 0x00, 0x00, 0x00, 0x00, 0x00, 
	0x00, 0x35, 0x77, 0x79, 0xb7, 0x99, 0xbb, 0x9b, 
	0x97, 0x77, 0x75, 0x57, 0x57, 0x77, 0x97, 0x99, 
	0x79, 0x79, 0x97, 0x77, 0x77, 0x00, 0x00, 0x00, 
	0x00, 0x00, 0x00, 0x00, 0x00, 0x00, 0x00, 0x00, 
	0x00, 0x35, 0x77, 0x79, 0x99, 0x99, 0x99, 0xbd, 
	0xdd, 0xff, 0xff, 0xd9, 0x57, 0x77, 0x77, 0x77, 
	0x77, 0x77, 0x77, 0x55, 0x00, 0x00, 0x00, 0x00, 
	0x00, 0x00, 0x00, 0x00, 0x00, 0x00, 0x00, 0x00, 
	0x00, 0x35, 0x77, 0x99, 0x97, 0x9b, 0xb9, 0xbb, 
	0xdd, 0xdd, 0xff, 0xfd, 0x55, 0x55, 0x57, 0x55, 
	0x55, 0x55, 0x55, 0x00, 0x00, 0x00, 0x00, 0x00, 
	0x00, 0x00, 0x00, 0x00, 0x00, 0x00, 0x00, 0x00, 
	0x00, 0x37, 0x77, 0x79, 0x99, 0x99, 0x9b, 0x9b, 
	0xbb, 0xbb, 0xdd, 0xdd, 0xbb, 0x99, 0x77, 0x77, 
	0x77, 0x77, 0x77, 0x00, 0x00, 0x00, 0x00, 0x00, 
	0x00, 0x00, 0x00, 0x00, 0x00, 0x00, 0x00, 0x00, 
	0x00, 0x37, 0x77, 0x99, 0x79, 0x9b, 0x99, 0x79, 
	0x99, 0xbb, 0xbb, 0xbb, 0xbb, 0xbb, 0xbd, 0xdd, 
	0xbd, 0xbb, 0xd9, 0x00, 0x00, 0x00, 0x00, 0x00, 
	0x00, 0x00, 0x00, 0x00, 0x00, 0x00, 0x00, 0x00, 
	0x00, 0x37, 0x77, 0x79, 0x99, 0x99, 0xb5, 0x77, 
	0x79, 0x79, 0x77, 0x99, 0xbb, 0xbb, 0xbb, 0x9b, 
	0xbb, 0xb9, 0x97, 0x00, 0x00, 0x00, 0x00, 0x00, 
	0x00, 0x00, 0x00, 0x00, 0x00, 0x00, 0x00, 0x00, 
	0x00, 0x37, 0x77, 0x99, 0x79, 0xb9, 0x77, 0x55, 
	0x55, 0x57, 0x57, 0x97, 0x99, 0x99, 0x79, 0x99, 
	0x97, 0x97, 0x00, 0x00, 0x00, 0x00, 0x00, 0x00, 
	0x00, 0x00, 0x00, 0x00, 0x00, 0x00, 0x00, 0x00, 
	0x00, 0x37, 0x79, 0x79, 0x99, 0xb9, 0x75, 0x57, 
	0x55, 0x55, 0x57, 0x77, 0x77, 0x77, 0x77, 0x77, 
	0x77, 0x50, 0x00, 0x00, 0x00, 0x00, 0x00, 0x00, 
	0x00, 0x00, 0x00, 0x00, 0x00, 0x00, 0x00, 0x00, 
	0x00, 0x57, 0x77, 0x97, 0x99, 0x9b, 0x97, 0x75, 
	0x55, 0x55, 0x55, 0x55, 0x55, 0x55, 0x55, 0x50, 
	0x00, 0x00, 0x00, 0x00, 0x00, 0x00, 0x00, 0x00, 
	0x00, 0x00, 0x00, 0x00, 0x00, 0x00, 0x00, 0x00, 
	0x00, 0x37, 0x77, 0x79, 0x99, 0xb9, 0xbb, 0xbb, 
	0x97, 0x77, 0x77, 0x57, 0x55, 0x55, 0x00, 0x00, 
	0x00, 0x00, 0x00, 0x00, 0x00, 0x00, 0x00, 0x00, 
	0x00, 0x00, 0x00, 0x00, 0x00, 0x00, 0x00, 0x00, 
	0x00, 0x57, 0x79, 0x79, 0x99, 0x99, 0x99, 0x99, 
	0x9b, 0xdd, 0xdb, 0xbb, 0x99, 0x97, 0x00, 0x00, 
	0x00, 0x00, 0x00, 0x00, 0x00, 0x00, 0x00, 0x00, 
	0x00, 0x00, 0x00, 0x00, 0x00, 0x00, 0x00, 0x00, 
	0x00, 0x37, 0x77, 0x79, 0x99, 0x77, 0x77, 0x77, 
	0x9b, 0x9b, 0xbb, 0xdb, 0xbb, 0xbb, 0x00, 0x00, 
	0x00, 0x00, 0x00, 0x00, 0x00, 0x00, 0x00, 0x00, 
	0x00, 0x00, 0x00, 0x00, 0x00, 0x00, 0x00, 0x00, 
	0x00, 0x57, 0x77, 0x99, 0x97, 0x35, 0x55, 0x57, 
	0x99, 0x99, 0x99, 0x99, 0x99, 0x70, 0x00, 0x00, 
	0x00, 0x00, 0x00, 0x00, 0x00, 0x00, 0x00, 0x00, 
	0x00, 0x00, 0x00, 0x00, 0x00, 0x00, 0x00, 0x00, 
	0x00, 0x37, 0x77, 0x79, 0x95, 0x33, 0x35, 0x77, 
	0x77, 0x77, 0x77, 0x77, 0x75, 0x00, 0x00, 0x00, 
	0x00, 0x00, 0x00, 0x00, 0x00, 0x00, 0x00, 0x00, 
	0x00, 0x00, 0x00, 0x00, 0x00, 0x00, 0x00, 0x00, 
	0x00, 0x07, 0x77, 0x99, 0x70, 0x00, 0x33, 0x53, 
	0x55, 0x55, 0x55, 0x53, 0x00, 0x00, 0x00, 0x00, 
	0x00, 0x00, 0x00, 0x00, 0x00, 0x00, 0x00, 0x00, 
	0x00, 0x00, 0x00, 0x00, 0x00, 0x00, 0x00, 0x00, 
	0x00, 0x07, 0x77, 0x97, 0x00, 0x00, 0x00, 0x00, 
	0x00, 0x00, 0x00, 0x00, 0x00, 0x00, 0x00, 0x00, 
	0x00, 0x00, 0x00, 0x00, 0x00, 0x00, 0x00, 0x00, 
	0x00, 0x00, 0x00, 0x00, 0x00, 0x00, 0x00, 0x00, 
	0x00, 0x07, 0x77, 0x70, 0x00, 0x00, 0x00, 0x00, 
	0x00, 0x00, 0x00, 0x00, 0x00, 0x00, 0x00, 0x00, 
	0x00, 0x00, 0x00, 0x00, 0x00, 0x00, 0x00, 0x00, 
	0x00, 0x00, 0x00, 0x00, 0x00, 0x00, 0x00, 0x00, 
	0x00, 0x00, 0x77, 0x00, 0x00, 0x00, 0x00, 0x00, 
	0x00, 0x00, 0x00, 0x00, 0x00, 0x00, 0x00, 0x00, 
	0x00, 0x00, 0x00, 0x00, 0x00, 0x00, 0x00, 0x00, 
	0x00, 0x00, 0x00, 0x00, 0x00, 0x00, 0x00, 0x00, 
	0x00, 0x00, 0x00, 0x00, 0x00, 0x00, 0x00, 0x00, 
	0x00, 0x00, 0x00, 0x00, 0x00, 0x00, 0x00, 0x00, 
	0x00, 0x00, 0x00, 0x00, 0x00, 0x00, 0x00, 0x00, 
	0x00, 0x00, 0x00, 0x00, 0x00, 0x00, 0x00, 0x00, 
	0x00, 0x00, 0x00, 0x00, 0x00, 0x00, 0x00, 0x00, 
	0x00, 0x00, 0x00, 0x00, 0x00, 0x00, 0x00, 0x00, 
	0x00, 0x00, 0x00, 0x00, 0x00, 0x00, 0x00, 0x00, 
	0x00, 0x00, 0x00, 0x00, 0x00, 0x00, 0x00, 0x00, 
	
};

Vtx mario_shell_000_offset_bottom_mesh_layer_1_vtx_0[4] = {
	{{ {-32, 57, 0}, 0, {-16, -16}, {133, 30, 0, 255} }},
	{{ {39, 83, -9}, 0, {-16, -16}, {230, 124, 250, 255} }},
	{{ {40, 65, -63}, 0, {-16, -16}, {200, 59, 158, 255} }},
	{{ {40, 65, 63}, 0, {-16, -16}, {199, 62, 95, 255} }},
};

Gfx mario_shell_000_offset_bottom_mesh_layer_1_tri_0[] = {
	gsSPVertex(mario_shell_000_offset_bottom_mesh_layer_1_vtx_0 + 0, 4, 0),
	gsSP2Triangles(0, 1, 2, 0, 1, 0, 3, 0),
	gsSPEndDisplayList(),
};

Vtx mario_shell_000_offset_001_Chest_skinned_mesh_layer_1_vtx_0[10] = {
	{{ {5, -40, -90}, 0, {-16, -16}, {179, 231, 158, 255} }},
	{{ {5, -41, 90}, 0, {-16, -16}, {178, 231, 97, 255} }},
	{{ {40, 65, 63}, 0, {-16, -16}, {199, 62, 95, 255} }},
	{{ {40, 65, 63}, 0, {93, 1419}, {199, 62, 95, 255} }},
	{{ {-15, -66, 0}, 0, {-16, -16}, {132, 228, 0, 255} }},
	{{ {40, 65, -63}, 0, {-16, -16}, {200, 59, 158, 255} }},
	{{ {40, 65, -63}, 0, {93, 1419}, {200, 59, 158, 255} }},
	{{ {39, 83, -9}, 0, {-16, -16}, {230, 124, 250, 255} }},
	{{ {39, 83, -9}, 0, {1407, 1340}, {230, 124, 250, 255} }},
	{{ {39, 83, -9}, 0, {1721, 1313}, {230, 124, 250, 255} }},
};

Gfx mario_shell_000_offset_001_Chest_skinned_mesh_layer_1_tri_0[] = {
	gsSPVertex(mario_shell_000_offset_001_Chest_skinned_mesh_layer_1_vtx_0 + 0, 10, 0),
	gsSPEndDisplayList(),
};

Vtx mario_shell_000_offset_001_Chest_mesh_layer_1_vtx_0[15] = {
	{{ {42, 74, 30}, 0, {-16, -16}, {48, 116, 20, 255} }},
	{{ {42, 74, -29}, 0, {-16, -16}, {48, 114, 225, 255} }},
	{{ {13, 33, 86}, 0, {-618, 505}, {248, 34, 122, 255} }},
	{{ {44, 51, 75}, 0, {-221, -182}, {41, 78, 91, 255} }},
	{{ {42, 74, 30}, 0, {998, -2}, {48, 116, 20, 255} }},
	{{ {12, 33, -85}, 0, {-618, 505}, {249, 34, 134, 255} }},
	{{ {43, 51, -74}, 0, {-221, -182}, {41, 73, 161, 255} }},
	{{ {42, 74, -29}, 0, {998, -2}, {48, 114, 225, 255} }},
	{{ {13, 33, 86}, 0, {-16, -16}, {248, 34, 122, 255} }},
	{{ {-12, -25, 85}, 0, {-16, -16}, {1, 228, 124, 255} }},
	{{ {30, -61, 65}, 0, {-16, -16}, {21, 151, 69, 255} }},
	{{ {-17, -78, 0}, 0, {-16, -16}, {236, 131, 0, 255} }},
	{{ {30, -61, -64}, 0, {-16, -16}, {22, 152, 186, 255} }},
	{{ {-12, -25, -84}, 0, {-16, -16}, {5, 226, 133, 255} }},
	{{ {12, 33, -85}, 0, {-16, -16}, {249, 34, 134, 255} }},
};

Gfx mario_shell_000_offset_001_Chest_mesh_layer_1_tri_0[] = {
	gsSPVertex(mario_shell_000_offset_001_Chest_mesh_layer_1_vtx_0 + 0, 15, 10),
	gsSP2Triangles(10, 11, 7, 0, 12, 13, 3, 0),
	gsSP2Triangles(3, 13, 14, 0, 3, 14, 9, 0),
	gsSP2Triangles(15, 6, 16, 0, 6, 17, 16, 0),
	gsSP2Triangles(6, 8, 17, 0, 2, 1, 18, 0),
	gsSP2Triangles(1, 19, 18, 0, 1, 20, 19, 0),
	gsSP2Triangles(20, 1, 21, 0, 1, 4, 21, 0),
	gsSP2Triangles(21, 4, 0, 0, 22, 21, 0, 0),
	gsSP2Triangles(22, 0, 23, 0, 24, 23, 0, 0),
	gsSP1Triangle(5, 24, 0, 0),
	gsSPEndDisplayList(),
};

Vtx mario_shell_000_offset_001_Chest_mesh_layer_1_vtx_1[24] = {
	{{ {12, 33, -85}, 0, {-16, -16}, {249, 34, 134, 255} }},
	{{ {21, -2, -91}, 0, {-16, -16}, {10, 9, 130, 255} }},
	{{ {-12, -25, -84}, 0, {-16, -16}, {5, 226, 133, 255} }},
	{{ {43, 51, -74}, 0, {-16, -16}, {41, 73, 161, 255} }},
	{{ {46, -44, -80}, 0, {-16, -16}, {37, 197, 150, 255} }},
	{{ {30, -61, -64}, 0, {-16, -16}, {22, 152, 186, 255} }},
	{{ {84, -29, -62}, 0, {-16, -16}, {100, 210, 193, 255} }},
	{{ {54, -67, 0}, 0, {-16, -16}, {61, 145, 251, 255} }},
	{{ {93, -26, -32}, 0, {-16, -16}, {96, 227, 178, 255} }},
	{{ {80, 14, -61}, 0, {-16, -16}, {103, 43, 196, 255} }},
	{{ {82, 32, -26}, 0, {-16, -16}, {105, 59, 215, 255} }},
	{{ {42, 74, -29}, 0, {-16, -16}, {48, 114, 225, 255} }},
	{{ {82, 32, 27}, 0, {-16, -16}, {94, 84, 242, 255} }},
	{{ {42, 74, 30}, 0, {-16, -16}, {48, 116, 20, 255} }},
	{{ {44, 51, 75}, 0, {-16, -16}, {41, 78, 91, 255} }},
	{{ {80, 14, 62}, 0, {-16, -16}, {108, 45, 49, 255} }},
	{{ {93, -26, 33}, 0, {-16, -16}, {118, 209, 10, 255} }},
	{{ {84, -29, 63}, 0, {-16, -16}, {100, 212, 65, 255} }},
	{{ {30, -61, 65}, 0, {-16, -16}, {21, 151, 69, 255} }},
	{{ {44, -38, 90}, 0, {-16, -16}, {29, 207, 113, 255} }},
	{{ {-12, -25, 85}, 0, {-16, -16}, {1, 228, 124, 255} }},
	{{ {21, -2, 91}, 0, {-16, -16}, {6, 19, 125, 255} }},
	{{ {13, 33, 86}, 0, {-16, -16}, {248, 34, 122, 255} }},
	{{ {-17, -78, 0}, 0, {-16, -16}, {236, 131, 0, 255} }},
};

Gfx mario_shell_000_offset_001_Chest_mesh_layer_1_tri_1[] = {
	gsSPVertex(mario_shell_000_offset_001_Chest_mesh_layer_1_vtx_1 + 0, 24, 0),
	gsSP2Triangles(0, 1, 2, 0, 1, 0, 3, 0),
	gsSP2Triangles(2, 1, 4, 0, 5, 2, 4, 0),
	gsSP2Triangles(6, 5, 4, 0, 7, 5, 6, 0),
	gsSP2Triangles(8, 7, 6, 0, 9, 8, 6, 0),
	gsSP2Triangles(9, 10, 8, 0, 10, 9, 3, 0),
	gsSP2Triangles(11, 10, 3, 0, 12, 10, 11, 0),
	gsSP2Triangles(11, 13, 12, 0, 12, 13, 14, 0),
	gsSP2Triangles(15, 12, 14, 0, 16, 12, 15, 0),
	gsSP2Triangles(15, 17, 16, 0, 7, 16, 17, 0),
	gsSP2Triangles(18, 7, 17, 0, 19, 18, 17, 0),
	gsSP2Triangles(18, 19, 20, 0, 19, 21, 20, 0),
	gsSP2Triangles(21, 22, 20, 0, 14, 22, 21, 0),
	gsSP2Triangles(18, 23, 7, 0, 7, 23, 5, 0),
	gsSP2Triangles(10, 12, 8, 0, 8, 12, 16, 0),
	gsSP1Triangle(7, 8, 16, 0),
	gsSPEndDisplayList(),
};

Vtx mario_shell_000_offset_001_Chest_mesh_layer_1_vtx_2[17] = {
	{{ {126, -37, -46}, 0, {1008, 1008}, {115, 247, 203, 255} }},
	{{ {69, 75, 0}, 0, {1008, 617}, {84, 95, 255, 255} }},
	{{ {126, -37, 46}, 0, {756, 916}, {116, 247, 52, 255} }},
	{{ {-201, -32, 0}, 0, {567, -224}, {135, 39, 0, 255} }},
	{{ {-188, -7, 86}, 0, {160, -127}, {149, 53, 42, 255} }},
	{{ {-188, -7, -85}, 0, {952, -62}, {153, 56, 207, 255} }},
	{{ {-163, 53, -58}, 0, {771, 201}, {187, 101, 220, 255} }},
	{{ {-162, 54, 61}, 0, {282, 175}, {193, 99, 48, 255} }},
	{{ {-128, 20, 121}, 0, {-61, 196}, {201, 77, 85, 255} }},
	{{ {-17, 55, 121}, 0, {-118, 778}, {254, 100, 78, 255} }},
	{{ {-2, 92, 61}, 0, {223, 889}, {7, 123, 31, 255} }},
	{{ {48, 52, 93}, 0, {-21, 1148}, {69, 90, 57, 255} }},
	{{ {69, 75, 0}, 0, {483, 1284}, {84, 95, 255, 255} }},
	{{ {-2, 92, -58}, 0, {763, 919}, {15, 120, 218, 255} }},
	{{ {48, 52, -88}, 0, {973, 1197}, {68, 91, 199, 255} }},
	{{ {-17, 55, -116}, 0, {1099, 841}, {253, 101, 180, 255} }},
	{{ {-128, 20, -116}, 0, {1099, 268}, {203, 82, 174, 255} }},
};

Gfx mario_shell_000_offset_001_Chest_mesh_layer_1_tri_2[] = {
	gsSPVertex(mario_shell_000_offset_001_Chest_mesh_layer_1_vtx_2 + 0, 17, 0),
	gsSP2Triangles(0, 1, 2, 0, 3, 4, 5, 0),
	gsSP2Triangles(5, 4, 6, 0, 7, 6, 4, 0),
	gsSP2Triangles(4, 8, 7, 0, 8, 9, 7, 0),
	gsSP2Triangles(9, 10, 7, 0, 11, 10, 9, 0),
	gsSP2Triangles(10, 11, 12, 0, 12, 13, 10, 0),
	gsSP2Triangles(13, 12, 14, 0, 14, 15, 13, 0),
	gsSP2Triangles(13, 15, 6, 0, 16, 6, 15, 0),
	gsSP2Triangles(5, 6, 16, 0, 13, 6, 10, 0),
	gsSP1Triangle(7, 10, 6, 0),
	gsSPEndDisplayList(),
};

Vtx mario_shell_000_offset_001_Chest_mesh_layer_1_vtx_3[61] = {
	{{ {48, 52, -88}, 0, {160, 868}, {68, 91, 199, 255} }},
	{{ {69, 75, 0}, 0, {224, 804}, {84, 95, 255, 255} }},
	{{ {126, -37, -46}, 0, {224, 868}, {115, 247, 203, 255} }},
	{{ {48, 52, 93}, 0, {160, 868}, {69, 90, 57, 255} }},
	{{ {126, -37, 46}, 0, {224, 804}, {116, 247, 52, 255} }},
	{{ {69, 75, 0}, 0, {224, 868}, {84, 95, 255, 255} }},
	{{ {39, 20, 144}, 0, {160, 868}, {59, 36, 106, 255} }},
	{{ {48, 52, 93}, 0, {224, 868}, {69, 90, 57, 255} }},
	{{ {48, 52, 93}, 0, {224, 804}, {69, 90, 57, 255} }},
	{{ {-17, 55, 121}, 0, {224, 868}, {254, 100, 78, 255} }},
	{{ {-81, 1, 164}, 0, {160, 868}, {232, 15, 124, 255} }},
	{{ {39, 20, 144}, 0, {224, 804}, {59, 36, 106, 255} }},
	{{ {-128, 20, 121}, 0, {160, 868}, {201, 77, 85, 255} }},
	{{ {-81, 1, 164}, 0, {224, 804}, {232, 15, 124, 255} }},
	{{ {39, 20, -143}, 0, {224, 804}, {59, 37, 150, 255} }},
	{{ {-17, 55, -116}, 0, {224, 868}, {253, 101, 180, 255} }},
	{{ {-82, 1, -163}, 0, {160, 868}, {231, 18, 133, 255} }},
	{{ {-17, 55, -116}, 0, {224, 804}, {253, 101, 180, 255} }},
	{{ {39, 20, -143}, 0, {224, 868}, {59, 37, 150, 255} }},
	{{ {-128, 20, -116}, 0, {160, 868}, {203, 82, 174, 255} }},
	{{ {-82, 1, -163}, 0, {224, 868}, {231, 18, 133, 255} }},
	{{ {39, 20, -143}, 0, {160, 868}, {59, 37, 150, 255} }},
	{{ {48, 52, -88}, 0, {224, 804}, {68, 91, 199, 255} }},
	{{ {-201, -32, 0}, 0, {160, 868}, {135, 39, 0, 255} }},
	{{ {-178, -38, 132}, 0, {224, 804}, {156, 242, 77, 255} }},
	{{ {-188, -7, 86}, 0, {224, 868}, {149, 53, 42, 255} }},
	{{ {-178, -38, 132}, 0, {160, 868}, {156, 242, 77, 255} }},
	{{ {-188, -7, 86}, 0, {160, 868}, {149, 53, 42, 255} }},
	{{ {-128, 20, 121}, 0, {224, 868}, {201, 77, 85, 255} }},
	{{ {-178, -38, -128}, 0, {160, 868}, {156, 240, 179, 255} }},
	{{ {-188, -7, -85}, 0, {224, 804}, {153, 56, 207, 255} }},
	{{ {-178, -38, -128}, 0, {224, 868}, {156, 240, 179, 255} }},
	{{ {-188, -7, -85}, 0, {160, 868}, {153, 56, 207, 255} }},
	{{ {-128, 20, -116}, 0, {224, 804}, {203, 82, 174, 255} }},
	{{ {-229, -74, 1}, 0, {224, 804}, {154, 180, 255, 255} }},
	{{ {-201, -32, 0}, 0, {224, 868}, {135, 39, 0, 255} }},
	{{ {-229, -74, 1}, 0, {160, 868}, {154, 180, 255, 255} }},
	{{ {-186, -92, 0}, 0, {160, 868}, {189, 148, 0, 255} }},
	{{ {-153, -57, 112}, 0, {224, 804}, {233, 163, 83, 255} }},
	{{ {-229, -74, 1}, 0, {224, 868}, {154, 180, 255, 255} }},
	{{ {-153, -57, -108}, 0, {160, 868}, {233, 163, 172, 255} }},
	{{ {-186, -92, 0}, 0, {224, 804}, {189, 148, 0, 255} }},
	{{ {-82, 1, -163}, 0, {224, 804}, {231, 18, 133, 255} }},
	{{ {-153, -57, -108}, 0, {224, 868}, {233, 163, 172, 255} }},
	{{ {-153, -57, -108}, 0, {224, 804}, {233, 163, 172, 255} }},
	{{ {33, -42, -116}, 0, {160, 868}, {44, 182, 162, 255} }},
	{{ {-153, -57, 112}, 0, {224, 868}, {233, 163, 83, 255} }},
	{{ {-81, 1, 164}, 0, {224, 868}, {232, 15, 124, 255} }},
	{{ {33, -42, 121}, 0, {160, 868}, {46, 184, 94, 255} }},
	{{ {126, -37, -46}, 0, {224, 804}, {115, 247, 203, 255} }},
	{{ {33, -42, -116}, 0, {224, 868}, {44, 182, 162, 255} }},
	{{ {90, -80, 0}, 0, {160, 868}, {89, 165, 255, 255} }},
	{{ {33, -42, -116}, 0, {224, 804}, {44, 182, 162, 255} }},
	{{ {126, -37, -46}, 0, {160, 868}, {115, 247, 203, 255} }},
	{{ {90, -80, 0}, 0, {224, 868}, {89, 165, 255, 255} }},
	{{ {33, -42, 121}, 0, {224, 868}, {46, 184, 94, 255} }},
	{{ {39, 20, 144}, 0, {160, 868}, {59, 36, 106, 255} }},
	{{ {33, -42, 121}, 0, {224, 804}, {46, 184, 94, 255} }},
	{{ {126, -37, 46}, 0, {224, 868}, {116, 247, 52, 255} }},
	{{ {-81, 1, 164}, 0, {160, 868}, {232, 15, 124, 255} }},
	{{ {39, 20, 144}, 0, {224, 868}, {59, 36, 106, 255} }},
};

Gfx mario_shell_000_offset_001_Chest_mesh_layer_1_tri_3[] = {
	gsSPVertex(mario_shell_000_offset_001_Chest_mesh_layer_1_vtx_3 + 0, 56, 0),
	gsSP2Triangles(0, 1, 2, 0, 3, 4, 5, 0),
	gsSP2Triangles(6, 4, 7, 0, 6, 8, 9, 0),
	gsSP2Triangles(10, 11, 9, 0, 12, 13, 9, 0),
	gsSP2Triangles(0, 14, 15, 0, 16, 17, 18, 0),
	gsSP2Triangles(19, 17, 20, 0, 21, 22, 2, 0),
	gsSP2Triangles(23, 24, 25, 0, 26, 13, 25, 0),
	gsSP2Triangles(27, 13, 28, 0, 29, 30, 20, 0),
	gsSP2Triangles(23, 30, 31, 0, 32, 33, 20, 0),
	gsSP2Triangles(29, 34, 35, 0, 36, 24, 35, 0),
	gsSP2Triangles(37, 38, 39, 0, 40, 41, 39, 0),
	gsSP2Triangles(29, 42, 43, 0, 29, 44, 39, 0),
	gsSP2Triangles(45, 44, 20, 0, 26, 34, 46, 0),
	gsSP2Triangles(26, 38, 47, 0, 48, 13, 46, 0),
	gsSP2Triangles(21, 49, 50, 0, 51, 52, 2, 0),
	gsSP2Triangles(16, 14, 50, 0, 53, 4, 54, 0),
	gsSP1Triangle(51, 4, 55, 0),
	gsSPVertex(mario_shell_000_offset_001_Chest_mesh_layer_1_vtx_3 + 56, 5, 0),
	gsSP2Triangles(0, 1, 2, 0, 3, 1, 4, 0),
	gsSPEndDisplayList(),
};

Vtx mario_shell_000_offset_001_Chest_mesh_layer_1_vtx_4[10] = {
	{{ {-186, -92, 0}, 0, {499, 1008}, {189, 148, 0, 255} }},
	{{ {-153, -57, -108}, 0, {977, 831}, {233, 163, 172, 255} }},
	{{ {-75, -159, -50}, 0, {605, 563}, {234, 137, 217, 255} }},
	{{ {21, -144, -50}, 0, {625, 312}, {50, 161, 188, 255} }},
	{{ {33, -42, -116}, 0, {977, 147}, {44, 182, 162, 255} }},
	{{ {90, -80, 0}, 0, {485, -16}, {89, 165, 255, 255} }},
	{{ {21, -144, 51}, 0, {351, 317}, {46, 151, 55, 255} }},
	{{ {33, -42, 121}, 0, {-16, 161}, {46, 184, 94, 255} }},
	{{ {-153, -57, 112}, 0, {1, 848}, {233, 163, 83, 255} }},
	{{ {-75, -159, 51}, 0, {371, 573}, {223, 143, 48, 255} }},
};

Gfx mario_shell_000_offset_001_Chest_mesh_layer_1_tri_4[] = {
	gsSPVertex(mario_shell_000_offset_001_Chest_mesh_layer_1_vtx_4 + 0, 10, 0),
	gsSP2Triangles(0, 1, 2, 0, 3, 2, 1, 0),
	gsSP2Triangles(1, 4, 3, 0, 3, 4, 5, 0),
	gsSP2Triangles(5, 6, 3, 0, 6, 5, 7, 0),
	gsSP2Triangles(8, 6, 7, 0, 9, 6, 8, 0),
	gsSP2Triangles(9, 8, 0, 0, 9, 0, 2, 0),
	gsSP2Triangles(6, 9, 2, 0, 3, 6, 2, 0),
	gsSPEndDisplayList(),
};

Vtx mario_shell_000_displaylist_Head_mesh_layer_1_vtx_0[105] = {
	{{ {35, 120, 0}, 0, {511, 746}, {223, 123, 253, 255} }},
	{{ {53, 67, 89}, 0, {519, 738}, {184, 47, 93, 255} }},
	{{ {53, 67, -89}, 0, {519, 746}, {201, 55, 156, 255} }},
	{{ {158, 26, 78}, 0, {-4, 549}, {57, 188, 91, 255} }},
	{{ {161, 55, 92}, 0, {252, 293}, {242, 253, 126, 255} }},
	{{ {126, 75, 75}, 0, {252, 549}, {32, 56, 109, 255} }},
	{{ {161, 55, 92}, 0, {-4, 549}, {242, 253, 126, 255} }},
	{{ {155, 84, 80}, 0, {252, 293}, {248, 89, 90, 255} }},
	{{ {158, 26, -78}, 0, {-4, 549}, {57, 189, 164, 255} }},
	{{ {126, 75, -74}, 0, {252, 293}, {33, 56, 147, 255} }},
	{{ {161, 55, -91}, 0, {252, 549}, {249, 8, 129, 255} }},
	{{ {155, 84, -81}, 0, {-4, 549}, {238, 96, 175, 255} }},
	{{ {161, 55, -91}, 0, {252, 293}, {249, 8, 129, 255} }},
	{{ {126, 75, -74}, 0, {252, 549}, {33, 56, 147, 255} }},
	{{ {195, 54, 83}, 0, {-4, 549}, {50, 11, 116, 255} }},
	{{ {158, 26, 78}, 0, {252, 293}, {57, 188, 91, 255} }},
	{{ {254, 65, 42}, 0, {252, 549}, {106, 230, 64, 255} }},
	{{ {195, 54, 83}, 0, {252, 549}, {50, 11, 116, 255} }},
	{{ {237, 24, 0}, 0, {-4, 549}, {89, 166, 0, 255} }},
	{{ {254, 65, 42}, 0, {252, 293}, {106, 230, 64, 255} }},
	{{ {158, 26, 78}, 0, {252, 549}, {57, 188, 91, 255} }},
	{{ {254, 65, -42}, 0, {-4, 549}, {115, 252, 202, 255} }},
	{{ {237, 24, 0}, 0, {252, 293}, {89, 166, 0, 255} }},
	{{ {158, 26, -78}, 0, {252, 549}, {57, 189, 164, 255} }},
	{{ {195, 54, -84}, 0, {252, 293}, {55, 6, 142, 255} }},
	{{ {254, 65, -42}, 0, {252, 549}, {115, 252, 202, 255} }},
	{{ {161, 55, -91}, 0, {-4, 549}, {249, 8, 129, 255} }},
	{{ {237, 24, 0}, 0, {252, 549}, {89, 166, 0, 255} }},
	{{ {187, 90, -69}, 0, {252, 293}, {27, 93, 174, 255} }},
	{{ {187, 90, 70}, 0, {-4, 549}, {25, 103, 71, 255} }},
	{{ {195, 54, 83}, 0, {252, 293}, {50, 11, 116, 255} }},
	{{ {236, 91, 33}, 0, {252, 549}, {66, 102, 37, 255} }},
	{{ {254, 65, 42}, 0, {-4, 549}, {106, 230, 64, 255} }},
	{{ {254, 65, -42}, 0, {252, 293}, {115, 252, 202, 255} }},
	{{ {236, 91, 33}, 0, {252, 293}, {66, 102, 37, 255} }},
	{{ {155, 84, 80}, 0, {-4, 549}, {248, 89, 90, 255} }},
	{{ {236, 91, -33}, 0, {252, 549}, {54, 106, 211, 255} }},
	{{ {187, 90, -69}, 0, {-4, 549}, {27, 93, 174, 255} }},
	{{ {236, 91, -33}, 0, {252, 293}, {54, 106, 211, 255} }},
	{{ {195, 54, -84}, 0, {252, 549}, {55, 6, 142, 255} }},
	{{ {53, 67, -89}, 0, {232, 495}, {201, 55, 156, 255} }},
	{{ {53, 67, 89}, 0, {30, 467}, {184, 47, 93, 255} }},
	{{ {39, 130, -74}, 0, {209, 598}, {156, 254, 178, 255} }},
	{{ {39, 130, 73}, 0, {40, 575}, {173, 7, 96, 255} }},
	{{ {9, 152, 0}, 0, {127, 534}, {160, 83, 252, 255} }},
	{{ {53, 67, -89}, 0, {364, 738}, {201, 55, 156, 255} }},
	{{ {78, 23, -125}, 0, {285, 829}, {242, 246, 130, 255} }},
	{{ {29, 5, -92}, 0, {355, 738}, {171, 217, 170, 255} }},
	{{ {98, 82, -86}, 0, {372, 823}, {26, 50, 142, 255} }},
	{{ {39, 130, -74}, 0, {395, 657}, {156, 254, 178, 255} }},
	{{ {89, 164, -71}, 0, {405, 736}, {13, 89, 166, 255} }},
	{{ {9, 152, 0}, 0, {560, 573}, {160, 83, 252, 255} }},
	{{ {74, 196, 0}, 0, {563, 676}, {250, 127, 0, 255} }},
	{{ {89, 164, 70}, 0, {725, 736}, {13, 89, 90, 255} }},
	{{ {39, 130, 73}, 0, {730, 657}, {173, 7, 96, 255} }},
	{{ {98, 82, 86}, 0, {764, 823}, {25, 50, 114, 255} }},
	{{ {53, 67, 89}, 0, {767, 739}, {184, 47, 93, 255} }},
	{{ {98, 82, 86}, 0, {764, 823}, {25, 50, 114, 255} }},
	{{ {39, 130, 73}, 0, {730, 657}, {173, 7, 96, 255} }},
	{{ {78, 23, 125}, 0, {850, 830}, {243, 247, 126, 255} }},
	{{ {113, 28, 118}, 0, {837, 903}, {58, 12, 112, 255} }},
	{{ {126, 75, 75}, 0, {737, 887}, {32, 56, 109, 255} }},
	{{ {158, 26, 78}, 0, {749, 960}, {57, 188, 91, 255} }},
	{{ {139, 136, 44}, 0, {671, 868}, {97, 38, 73, 255} }},
	{{ {154, 96, 0}, 0, {571, 937}, {53, 115, 254, 255} }},
	{{ {140, 165, 0}, 0, {568, 845}, {96, 83, 0, 255} }},
	{{ {139, 136, -45}, 0, {466, 867}, {97, 37, 183, 255} }},
	{{ {126, 75, -74}, 0, {401, 887}, {33, 56, 147, 255} }},
	{{ {98, 82, -86}, 0, {372, 823}, {26, 50, 142, 255} }},
	{{ {113, 28, -118}, 0, {303, 902}, {59, 12, 144, 255} }},
	{{ {158, 26, -78}, 0, {397, 960}, {57, 189, 164, 255} }},
	{{ {78, 23, -125}, 0, {285, 829}, {242, 246, 130, 255} }},
	{{ {89, 164, -71}, 0, {405, 736}, {13, 89, 166, 255} }},
	{{ {89, 164, 70}, 0, {725, 736}, {13, 89, 90, 255} }},
	{{ {236, 91, -33}, 0, {-4, 549}, {54, 106, 211, 255} }},
	{{ {236, 91, 3}, 0, {136, 410}, {65, 109, 5, 255} }},
	{{ {236, 91, 33}, 0, {252, 293}, {66, 102, 37, 255} }},
	{{ {254, 65, -42}, 0, {252, 549}, {115, 252, 202, 255} }},
	{{ {35, 120, 0}, 0, {127, 545}, {223, 123, 253, 255} }},
	{{ {8, 79, 46}, 0, {86, 352}, {156, 54, 56, 255} }},
	{{ {53, 67, 89}, 0, {30, 467}, {184, 47, 93, 255} }},
	{{ {-7, 79, 0}, 0, {142, 307}, {138, 47, 249, 255} }},
	{{ {8, 79, -45}, 0, {191, 366}, {167, 65, 193, 255} }},
	{{ {53, 67, -89}, 0, {232, 495}, {201, 55, 156, 255} }},
	{{ {0, 25, -52}, 0, {207, 214}, {142, 247, 200, 255} }},
	{{ {29, 5, -92}, 0, {251, 268}, {171, 217, 170, 255} }},
	{{ {29, -43, 0}, 0, {152, 134}, {172, 161, 255, 255} }},
	{{ {75, -28, -85}, 0, {237, 346}, {234, 155, 182, 255} }},
	{{ {78, 23, -125}, 0, {274, 481}, {242, 246, 130, 255} }},
	{{ {109, -28, -78}, 0, {222, 457}, {52, 169, 179, 255} }},
	{{ {113, 28, -118}, 0, {258, 608}, {59, 12, 144, 255} }},
	{{ {158, 26, -78}, 0, {203, 708}, {57, 189, 164, 255} }},
	{{ {148, -22, -26}, 0, {153, 594}, {69, 156, 219, 255} }},
	{{ {192, -14, 0}, 0, {113, 715}, {64, 146, 0, 255} }},
	{{ {237, 24, 0}, 0, {98, 750}, {89, 166, 0, 255} }},
	{{ {158, 26, 78}, 0, {26, 684}, {57, 188, 91, 255} }},
	{{ {148, -22, 26}, 0, {94, 586}, {69, 156, 37, 255} }},
	{{ {109, -28, 78}, 0, {43, 432}, {52, 169, 77, 255} }},
	{{ {113, 28, 118}, 0, {-10, 571}, {58, 12, 112, 255} }},
	{{ {78, 23, 125}, 0, {-10, 443}, {243, 247, 126, 255} }},
	{{ {75, -28, 86}, 0, {42, 320}, {236, 155, 75, 255} }},
	{{ {29, 5, 93}, 0, {39, 239}, {171, 218, 87, 255} }},
	{{ {0, 25, 52}, 0, {88, 198}, {144, 243, 59, 255} }},
	{{ {-10, 18, 0}, 0, {151, 154}, {131, 234, 9, 255} }},
	{{ {103, -69, 0}, 0, {140, 329}, {31, 133, 0, 255} }},
};

Gfx mario_shell_000_displaylist_Head_mesh_layer_1_tri_0[] = {
	gsSPVertex(mario_shell_000_displaylist_Head_mesh_layer_1_vtx_0 + 0, 56, 0),
	gsSP2Triangles(0, 1, 2, 0, 3, 4, 5, 0),
	gsSP2Triangles(6, 7, 5, 0, 8, 9, 10, 0),
	gsSP2Triangles(11, 12, 13, 0, 14, 15, 16, 0),
	gsSP2Triangles(6, 15, 17, 0, 18, 19, 20, 0),
	gsSP2Triangles(21, 22, 23, 0, 8, 24, 25, 0),
	gsSP2Triangles(26, 24, 23, 0, 21, 19, 27, 0),
	gsSP2Triangles(11, 28, 10, 0, 29, 30, 31, 0),
	gsSP2Triangles(32, 33, 31, 0, 32, 34, 17, 0),
	gsSP2Triangles(29, 7, 17, 0, 35, 4, 17, 0),
	gsSP2Triangles(21, 24, 36, 0, 37, 38, 39, 0),
	gsSP2Triangles(37, 24, 10, 0, 40, 41, 42, 0),
	gsSP2Triangles(41, 43, 42, 0, 43, 44, 42, 0),
	gsSP2Triangles(45, 46, 47, 0, 45, 48, 46, 0),
	gsSP2Triangles(49, 48, 45, 0, 50, 48, 49, 0),
	gsSP2Triangles(49, 51, 50, 0, 52, 50, 51, 0),
	gsSP2Triangles(52, 51, 53, 0, 51, 54, 53, 0),
	gsSP1Triangle(53, 54, 55, 0),
	gsSPVertex(mario_shell_000_displaylist_Head_mesh_layer_1_vtx_0 + 56, 49, 0),
	gsSP2Triangles(0, 1, 2, 0, 1, 0, 3, 0),
	gsSP2Triangles(4, 1, 3, 0, 1, 4, 5, 0),
	gsSP2Triangles(4, 6, 5, 0, 1, 5, 7, 0),
	gsSP2Triangles(8, 7, 5, 0, 9, 7, 8, 0),
	gsSP2Triangles(9, 8, 10, 0, 10, 8, 11, 0),
	gsSP2Triangles(12, 10, 11, 0, 12, 11, 13, 0),
	gsSP2Triangles(14, 13, 11, 0, 13, 15, 12, 0),
	gsSP2Triangles(12, 16, 10, 0, 10, 16, 9, 0),
	gsSP2Triangles(7, 9, 17, 0, 17, 1, 7, 0),
	gsSP2Triangles(18, 19, 20, 0, 18, 20, 21, 0),
	gsSP2Triangles(22, 23, 24, 0, 23, 22, 25, 0),
	gsSP2Triangles(22, 26, 25, 0, 22, 27, 26, 0),
	gsSP2Triangles(26, 27, 28, 0, 27, 29, 28, 0),
	gsSP2Triangles(29, 30, 28, 0, 29, 31, 30, 0),
	gsSP2Triangles(31, 29, 32, 0, 33, 31, 32, 0),
	gsSP2Triangles(34, 33, 32, 0, 34, 35, 33, 0),
	gsSP2Triangles(36, 33, 35, 0, 36, 35, 37, 0),
	gsSP2Triangles(38, 37, 35, 0, 37, 38, 39, 0),
	gsSP2Triangles(40, 37, 39, 0, 40, 39, 41, 0),
	gsSP2Triangles(41, 39, 42, 0, 42, 43, 41, 0),
	gsSP2Triangles(44, 41, 43, 0, 44, 43, 45, 0),
	gsSP2Triangles(24, 45, 43, 0, 45, 24, 46, 0),
	gsSP2Triangles(23, 46, 24, 0, 46, 23, 47, 0),
	gsSP2Triangles(23, 25, 47, 0, 28, 47, 25, 0),
	gsSP2Triangles(26, 28, 25, 0, 28, 30, 47, 0),
	gsSP2Triangles(30, 46, 47, 0, 45, 46, 30, 0),
	gsSP2Triangles(45, 30, 44, 0, 48, 44, 30, 0),
	gsSP2Triangles(48, 30, 31, 0, 31, 33, 48, 0),
	gsSP2Triangles(33, 36, 48, 0, 36, 40, 48, 0),
	gsSP2Triangles(37, 40, 36, 0, 41, 48, 40, 0),
	gsSP1Triangle(41, 44, 48, 0),
	gsSPEndDisplayList(),
};

Vtx mario_shell_000_displaylist_Head_mesh_layer_1_vtx_1[4] = {
	{{ {74, 196, 0}, 0, {1009, 1009}, {250, 127, 0, 255} }},
	{{ {140, 165, 0}, 0, {1002, -22}, {96, 83, 0, 255} }},
	{{ {89, 164, -71}, 0, {17, 606}, {13, 89, 166, 255} }},
	{{ {89, 164, 70}, 0, {18, 604}, {13, 89, 90, 255} }},
};

Gfx mario_shell_000_displaylist_Head_mesh_layer_1_tri_1[] = {
	gsSPVertex(mario_shell_000_displaylist_Head_mesh_layer_1_vtx_1 + 0, 4, 0),
	gsSP2Triangles(0, 1, 2, 0, 1, 0, 3, 0),
	gsSPEndDisplayList(),
};

Vtx mario_shell_000_displaylist_Head_mesh_layer_1_vtx_2[10] = {
	{{ {155, 84, -81}, 0, {-11, 901}, {238, 96, 175, 255} }},
	{{ {126, 75, -74}, 0, {112, 1227}, {33, 56, 147, 255} }},
	{{ {154, 96, 0}, 0, {1012, 912}, {53, 115, 254, 255} }},
	{{ {187, 90, -69}, 0, {246, 562}, {27, 93, 174, 255} }},
	{{ {236, 91, -33}, 0, {680, 47}, {54, 106, 211, 255} }},
	{{ {236, 91, 3}, 0, {1077, 47}, {65, 109, 5, 255} }},
	{{ {236, 91, 33}, 0, {677, 47}, {66, 102, 37, 255} }},
	{{ {187, 90, 70}, 0, {252, 562}, {25, 103, 71, 255} }},
	{{ {155, 84, 80}, 0, {-9, 902}, {248, 89, 90, 255} }},
	{{ {126, 75, 75}, 0, {113, 1227}, {32, 56, 109, 255} }},
};

Gfx mario_shell_000_displaylist_Head_mesh_layer_1_tri_2[] = {
	gsSPVertex(mario_shell_000_displaylist_Head_mesh_layer_1_vtx_2 + 0, 10, 0),
	gsSP2Triangles(0, 1, 2, 0, 0, 2, 3, 0),
	gsSP2Triangles(4, 3, 2, 0, 4, 2, 5, 0),
	gsSP2Triangles(5, 2, 6, 0, 6, 2, 7, 0),
	gsSP2Triangles(8, 7, 2, 0, 8, 2, 9, 0),
	gsSPEndDisplayList(),
};

Vtx mario_shell_switchboneHead_displaylistbone_mesh_layer_1_vtx_0[39] = {
	{{ {206, 70, -97}, 0, {-16, -16}, {21, 66, 149, 255} }},
	{{ {160, 48, -91}, 0, {-16, -16}, {239, 72, 153, 255} }},
	{{ {148, 60, -71}, 0, {-16, -16}, {216, 112, 211, 255} }},
	{{ {182, -9, -115}, 0, {-16, -16}, {45, 248, 137, 255} }},
	{{ {221, 35, -84}, 0, {-16, -16}, {109, 240, 192, 255} }},
	{{ {248, 104, -43}, 0, {-16, -16}, {104, 66, 223, 255} }},
	{{ {201, 125, -13}, 0, {-16, -16}, {242, 126, 0, 255} }},
	{{ {165, 67, -47}, 0, {-16, -16}, {193, 101, 211, 255} }},
	{{ {159, 92, 0}, 0, {-16, -16}, {180, 101, 10, 255} }},
	{{ {166, 69, 45}, 0, {-16, -16}, {205, 110, 38, 255} }},
	{{ {209, 86, 60}, 0, {-16, -16}, {34, 105, 63, 255} }},
	{{ {200, 75, 84}, 0, {-16, -16}, {25, 88, 88, 255} }},
	{{ {147, 60, 72}, 0, {-16, -16}, {214, 110, 49, 255} }},
	{{ {160, 48, 92}, 0, {-16, -16}, {249, 73, 104, 255} }},
	{{ {181, -9, 116}, 0, {-16, -16}, {50, 255, 117, 255} }},
	{{ {120, -11, 111}, 0, {-16, -16}, {7, 11, 126, 255} }},
	{{ {145, -83, 105}, 0, {-16, -16}, {2, 185, 105, 255} }},
	{{ {64, -103, 52}, 0, {-16, -16}, {20, 143, 54, 255} }},
	{{ {56, -45, 77}, 0, {-16, -16}, {203, 203, 103, 255} }},
	{{ {31, -85, 87}, 0, {-16, -16}, {233, 238, 124, 255} }},
	{{ {3, -24, 33}, 0, {-16, -16}, {134, 235, 29, 255} }},
	{{ {9, -88, 59}, 0, {-16, -16}, {138, 219, 30, 255} }},
	{{ {31, -84, 0}, 0, {-16, -16}, {162, 170, 1, 255} }},
	{{ {3, -24, -32}, 0, {-16, -16}, {134, 235, 227, 255} }},
	{{ {9, -88, -58}, 0, {-16, -16}, {138, 219, 226, 255} }},
	{{ {31, -85, -86}, 0, {-16, -16}, {233, 238, 132, 255} }},
	{{ {56, -45, -76}, 0, {-16, -16}, {204, 203, 153, 255} }},
	{{ {64, -103, -51}, 0, {-16, -16}, {19, 143, 202, 255} }},
	{{ {120, -12, -109}, 0, {-16, -16}, {7, 11, 130, 255} }},
	{{ {145, -84, -104}, 0, {-16, -16}, {5, 185, 151, 255} }},
	{{ {179, -92, -71}, 0, {-16, -16}, {78, 169, 207, 255} }},
	{{ {234, -22, -1}, 0, {-16, -16}, {122, 222, 254, 255} }},
	{{ {230, 49, 62}, 0, {-16, -16}, {115, 12, 53, 255} }},
	{{ {185, -91, 72}, 0, {-16, -16}, {80, 171, 50, 255} }},
	{{ {119, -134, 0}, 0, {-16, -16}, {4, 129, 0, 255} }},
	{{ {30, -116, 36}, 0, {-16, -16}, {220, 144, 208, 255} }},
	{{ {46, -120, 68}, 0, {-16, -16}, {25, 148, 62, 255} }},
	{{ {30, -116, -35}, 0, {-16, -16}, {220, 144, 49, 255} }},
	{{ {46, -120, -67}, 0, {-16, -16}, {25, 148, 194, 255} }},
};

Gfx mario_shell_switchboneHead_displaylistbone_mesh_layer_1_tri_0[] = {
	gsSPVertex(mario_shell_switchboneHead_displaylistbone_mesh_layer_1_vtx_0 + 0, 39, 0),
	gsSP2Triangles(0, 1, 2, 0, 1, 0, 3, 0),
	gsSP2Triangles(0, 4, 3, 0, 0, 5, 4, 0),
	gsSP2Triangles(0, 6, 5, 0, 0, 7, 6, 0),
	gsSP2Triangles(7, 0, 2, 0, 7, 8, 6, 0),
	gsSP2Triangles(6, 8, 9, 0, 10, 6, 9, 0),
	gsSP2Triangles(9, 11, 10, 0, 9, 12, 11, 0),
	gsSP2Triangles(13, 11, 12, 0, 13, 14, 11, 0),
	gsSP2Triangles(13, 15, 14, 0, 16, 14, 15, 0),
	gsSP2Triangles(17, 16, 15, 0, 17, 15, 18, 0),
	gsSP2Triangles(18, 19, 17, 0, 19, 18, 20, 0),
	gsSP2Triangles(20, 21, 19, 0, 21, 20, 22, 0),
	gsSP2Triangles(23, 22, 20, 0, 22, 23, 24, 0),
	gsSP2Triangles(25, 24, 23, 0, 23, 26, 25, 0),
	gsSP2Triangles(27, 25, 26, 0, 26, 28, 27, 0),
	gsSP2Triangles(28, 29, 27, 0, 3, 29, 28, 0),
	gsSP2Triangles(28, 1, 3, 0, 3, 30, 29, 0),
	gsSP2Triangles(30, 3, 4, 0, 31, 30, 4, 0),
	gsSP2Triangles(32, 31, 4, 0, 5, 32, 4, 0),
	gsSP2Triangles(10, 32, 5, 0, 6, 10, 5, 0),
	gsSP2Triangles(11, 32, 10, 0, 14, 32, 11, 0),
	gsSP2Triangles(32, 14, 33, 0, 16, 33, 14, 0),
	gsSP2Triangles(34, 33, 16, 0, 17, 34, 16, 0),
	gsSP2Triangles(17, 27, 34, 0, 22, 27, 17, 0),
	gsSP2Triangles(22, 17, 35, 0, 17, 36, 35, 0),
	gsSP2Triangles(19, 36, 17, 0, 21, 36, 19, 0),
	gsSP2Triangles(35, 36, 21, 0, 22, 35, 21, 0),
	gsSP2Triangles(22, 37, 27, 0, 24, 37, 22, 0),
	gsSP2Triangles(24, 38, 37, 0, 25, 38, 24, 0),
	gsSP2Triangles(38, 25, 27, 0, 37, 38, 27, 0),
	gsSP2Triangles(31, 32, 33, 0, 33, 30, 31, 0),
	gsSP2Triangles(34, 30, 33, 0, 30, 34, 29, 0),
	gsSP1Triangle(29, 34, 27, 0),
	gsSPEndDisplayList(),
};

Vtx mario_shell_switchboneHead_displaylistbone_mesh_layer_1_vtx_1[8] = {
	{{ {120, -12, -109}, 0, {900, 168}, {7, 11, 130, 255} }},
	{{ {94, 64, -89}, 0, {-336, 757}, {17, 64, 148, 255} }},
	{{ {160, 48, -91}, 0, {-241, -145}, {239, 72, 153, 255} }},
	{{ {42, 0, -102}, 0, {826, 1194}, {178, 5, 156, 255} }},
	{{ {42, 0, 103}, 0, {952, 1176}, {178, 5, 100, 255} }},
	{{ {120, -11, 111}, 0, {906, 106}, {7, 11, 126, 255} }},
	{{ {94, 64, 90}, 0, {-352, 803}, {17, 65, 108, 255} }},
	{{ {160, 48, 92}, 0, {-343, -133}, {249, 73, 104, 255} }},
};

Gfx mario_shell_switchboneHead_displaylistbone_mesh_layer_1_tri_1[] = {
	gsSPVertex(mario_shell_switchboneHead_displaylistbone_mesh_layer_1_vtx_1 + 0, 8, 0),
	gsSP2Triangles(0, 1, 2, 0, 1, 0, 3, 0),
	gsSP2Triangles(4, 5, 6, 0, 7, 6, 5, 0),
	gsSPEndDisplayList(),
};

Vtx mario_shell_switchboneHead_displaylistbone_mesh_layer_1_vtx_2[6] = {
	{{ {175, 88, 0}, 0, {1024, 99}, {20, 125, 0, 255} }},
	{{ {160, 48, -91}, 0, {-368, 202}, {239, 72, 153, 255} }},
	{{ {94, 64, -89}, 0, {-679, 894}, {17, 64, 148, 255} }},
	{{ {97, 97, 1}, 0, {1029, 898}, {106, 70, 0, 255} }},
	{{ {94, 64, 90}, 0, {-679, 894}, {17, 65, 108, 255} }},
	{{ {160, 48, 92}, 0, {-368, 202}, {249, 73, 104, 255} }},
};

Gfx mario_shell_switchboneHead_displaylistbone_mesh_layer_1_tri_2[] = {
	gsSPVertex(mario_shell_switchboneHead_displaylistbone_mesh_layer_1_vtx_2 + 0, 6, 0),
	gsSP2Triangles(0, 1, 2, 0, 0, 2, 3, 0),
	gsSP2Triangles(4, 0, 3, 0, 4, 5, 0, 0),
	gsSPEndDisplayList(),
};

Vtx mario_shell_switchboneHead_displaylistbone_mesh_layer_1_vtx_3[53] = {
	{{ {92, 88, 80}, 0, {-16, -16}, {66, 78, 75, 255} }},
	{{ {94, 64, 90}, 0, {-16, -16}, {17, 65, 108, 255} }},
	{{ {97, 97, 1}, 0, {708, 942}, {106, 70, 0, 255} }},
	{{ {77, 108, 34}, 0, {326, 352}, {55, 49, 103, 255} }},
	{{ {92, 88, 80}, 0, {882, -34}, {66, 78, 75, 255} }},
	{{ {97, 97, 1}, 0, {208, 130}, {106, 70, 0, 255} }},
	{{ {92, 88, -79}, 0, {906, -20}, {67, 78, 181, 255} }},
	{{ {77, 108, -33}, 0, {346, 328}, {55, 50, 153, 255} }},
	{{ {97, 97, 1}, 0, {258, 84}, {106, 70, 0, 255} }},
	{{ {94, 64, -89}, 0, {-35, 89}, {17, 64, 148, 255} }},
	{{ {92, 88, -79}, 0, {-176, 882}, {67, 78, 181, 255} }},
	{{ {97, 97, 1}, 0, {240, 954}, {106, 70, 0, 255} }},
	{{ {42, 0, 103}, 0, {1575, 393}, {178, 5, 100, 255} }},
	{{ {48, 84, 76}, 0, {872, 548}, {203, 77, 86, 255} }},
	{{ {0, 36, 49}, 0, {876, 1074}, {140, 21, 48, 255} }},
	{{ {42, 0, 103}, 0, {-16, -16}, {178, 5, 100, 255} }},
	{{ {48, 84, 76}, 0, {842, 592}, {203, 77, 86, 255} }},
	{{ {0, 36, -48}, 0, {790, 1146}, {140, 21, 208, 255} }},
	{{ {48, 84, -75}, 0, {840, 592}, {203, 77, 170, 255} }},
	{{ {42, 0, -102}, 0, {1513, 502}, {178, 5, 156, 255} }},
	{{ {42, 0, -102}, 0, {1550, 425}, {178, 5, 156, 255} }},
	{{ {48, 84, -75}, 0, {842, 592}, {203, 77, 170, 255} }},
	{{ {0, 36, 49}, 0, {-16, -16}, {140, 21, 48, 255} }},
	{{ {3, -24, 33}, 0, {-16, -16}, {134, 235, 29, 255} }},
	{{ {42, 0, 103}, 0, {-16, -16}, {178, 5, 100, 255} }},
	{{ {56, -45, 77}, 0, {-16, -16}, {203, 203, 103, 255} }},
	{{ {64, -25, 135}, 0, {-16, -16}, {202, 246, 115, 255} }},
	{{ {95, -55, 83}, 0, {-16, -16}, {7, 137, 44, 255} }},
	{{ {102, -33, 135}, 0, {-16, -16}, {52, 217, 109, 255} }},
	{{ {120, -11, 111}, 0, {-16, -16}, {7, 11, 126, 255} }},
	{{ {0, 36, -48}, 0, {-16, -16}, {140, 21, 208, 255} }},
	{{ {3, -24, -32}, 0, {-16, -16}, {134, 235, 227, 255} }},
	{{ {42, 0, -102}, 0, {-16, -16}, {178, 5, 156, 255} }},
	{{ {56, -45, -76}, 0, {-16, -16}, {204, 203, 153, 255} }},
	{{ {64, -25, -134}, 0, {-16, -16}, {203, 247, 141, 255} }},
	{{ {120, -12, -109}, 0, {-16, -16}, {7, 11, 130, 255} }},
	{{ {102, -33, -134}, 0, {-16, -16}, {52, 219, 146, 255} }},
	{{ {95, -54, -82}, 0, {-16, -16}, {9, 137, 213, 255} }},
	{{ {10, 85, 0}, 0, {-16, -16}, {151, 72, 0, 255} }},
	{{ {50, 147, 41}, 0, {-16, -16}, {188, 34, 102, 255} }},
	{{ {52, 111, 31}, 0, {-16, -16}, {177, 50, 86, 255} }},
	{{ {77, 108, 34}, 0, {-16, -16}, {55, 49, 103, 255} }},
	{{ {33, 148, 0}, 0, {-16, -16}, {132, 29, 255, 255} }},
	{{ {59, 181, 1}, 0, {-16, -16}, {215, 120, 1, 255} }},
	{{ {97, 146, 45}, 0, {-16, -16}, {61, 22, 109, 255} }},
	{{ {97, 97, 1}, 0, {-16, -16}, {106, 70, 0, 255} }},
	{{ {118, 144, 0}, 0, {-16, -16}, {127, 2, 255, 255} }},
	{{ {98, 146, -43}, 0, {-16, -16}, {63, 23, 148, 255} }},
	{{ {77, 108, -33}, 0, {-16, -16}, {55, 50, 153, 255} }},
	{{ {50, 147, -40}, 0, {-16, -16}, {190, 35, 153, 255} }},
	{{ {52, 111, -30}, 0, {-16, -16}, {178, 50, 169, 255} }},
	{{ {41, 109, 0}, 0, {-16, -16}, {140, 52, 255, 255} }},
	{{ {100, 179, 1}, 0, {-16, -16}, {61, 112, 1, 255} }},
};

Gfx mario_shell_switchboneHead_displaylistbone_mesh_layer_1_tri_3[] = {
	gsSPVertex(mario_shell_switchboneHead_displaylistbone_mesh_layer_1_vtx_3 + 0, 53, 0),
	gsSP2Triangles(0, 1, 2, 0, 3, 4, 5, 0),
	gsSP2Triangles(6, 7, 8, 0, 9, 10, 11, 0),
	gsSP2Triangles(12, 13, 14, 0, 15, 1, 16, 0),
	gsSP2Triangles(17, 18, 19, 0, 9, 20, 21, 0),
	gsSP2Triangles(22, 23, 24, 0, 23, 25, 24, 0),
	gsSP2Triangles(26, 24, 25, 0, 26, 25, 27, 0),
	gsSP2Triangles(26, 27, 28, 0, 27, 29, 28, 0),
	gsSP2Triangles(26, 28, 29, 0, 24, 26, 29, 0),
	gsSP2Triangles(30, 31, 23, 0, 32, 31, 30, 0),
	gsSP2Triangles(32, 33, 31, 0, 32, 34, 33, 0),
	gsSP2Triangles(35, 34, 32, 0, 35, 36, 34, 0),
	gsSP2Triangles(36, 35, 37, 0, 34, 36, 37, 0),
	gsSP2Triangles(33, 34, 37, 0, 17, 23, 14, 0),
	gsSP2Triangles(38, 17, 14, 0, 39, 40, 41, 0),
	gsSP2Triangles(40, 39, 42, 0, 42, 39, 43, 0),
	gsSP2Triangles(39, 44, 43, 0, 44, 39, 41, 0),
	gsSP2Triangles(41, 45, 44, 0, 46, 44, 45, 0),
	gsSP2Triangles(45, 47, 46, 0, 47, 45, 48, 0),
	gsSP2Triangles(49, 47, 48, 0, 48, 50, 49, 0),
	gsSP2Triangles(42, 49, 50, 0, 50, 51, 42, 0),
	gsSP2Triangles(42, 51, 40, 0, 42, 43, 49, 0),
	gsSP2Triangles(43, 47, 49, 0, 47, 43, 52, 0),
	gsSP2Triangles(43, 44, 52, 0, 52, 44, 46, 0),
	gsSP1Triangle(52, 46, 47, 0),
	gsSPEndDisplayList(),
};

Vtx mario_shell_switchboneHead_displaylistbone_mesh_layer_1_vtx_4[14] = {
	{{ {94, 64, 90}, 0, {1131, -22}, {17, 65, 108, 255} }},
	{{ {92, 88, 80}, 0, {908, -18}, {66, 78, 75, 255} }},
	{{ {48, 84, 76}, 0, {842, 592}, {203, 77, 86, 255} }},
	{{ {77, 108, 34}, 0, {328, 348}, {55, 49, 103, 255} }},
	{{ {52, 111, 31}, 0, {331, 671}, {177, 50, 86, 255} }},
	{{ {10, 85, 0}, 0, {230, 1417}, {151, 72, 0, 255} }},
	{{ {41, 109, 0}, 0, {34, 882}, {140, 52, 255, 255} }},
	{{ {52, 111, -30}, 0, {331, 671}, {178, 50, 169, 255} }},
	{{ {48, 84, -75}, 0, {842, 592}, {203, 77, 170, 255} }},
	{{ {77, 108, -33}, 0, {328, 348}, {55, 50, 153, 255} }},
	{{ {92, 88, -79}, 0, {908, -18}, {67, 78, 181, 255} }},
	{{ {94, 64, -89}, 0, {1131, -22}, {17, 64, 148, 255} }},
	{{ {0, 36, -48}, 0, {791, 1142}, {140, 21, 208, 255} }},
	{{ {0, 36, 49}, 0, {791, 1142}, {140, 21, 48, 255} }},
};

Gfx mario_shell_switchboneHead_displaylistbone_mesh_layer_1_tri_4[] = {
	gsSPVertex(mario_shell_switchboneHead_displaylistbone_mesh_layer_1_vtx_4 + 0, 14, 0),
	gsSP2Triangles(0, 1, 2, 0, 1, 3, 2, 0),
	gsSP2Triangles(3, 4, 2, 0, 5, 2, 4, 0),
	gsSP2Triangles(5, 4, 6, 0, 6, 7, 5, 0),
	gsSP2Triangles(7, 8, 5, 0, 8, 7, 9, 0),
	gsSP2Triangles(8, 9, 10, 0, 10, 11, 8, 0),
	gsSP2Triangles(5, 8, 12, 0, 13, 2, 5, 0),
	gsSPEndDisplayList(),
};

Vtx mario_shell_000_displaylist_001_RWing_mesh_layer_4_vtx_0[3] = {
	{{ {-153, -11, 26}, 0, {-509, 2059}, {234, 1, 131, 255} }},
	{{ {10, 334, -2}, 0, {1061, -1152}, {234, 1, 131, 255} }},
	{{ {186, -4, -34}, 0, {2903, 1940}, {234, 1, 131, 255} }},
};

Gfx mario_shell_000_displaylist_001_RWing_mesh_layer_4_tri_0[] = {
	gsSPVertex(mario_shell_000_displaylist_001_RWing_mesh_layer_4_vtx_0 + 0, 3, 0),
	gsSP1Triangle(0, 1, 2, 0),
	gsSPEndDisplayList(),
};

Vtx mario_shell_000_displaylist_002_LWing_mesh_layer_4_vtx_0[3] = {
	{{ {-153, -11, -26}, 0, {-509, 2059}, {234, 1, 125, 255} }},
	{{ {186, -4, 34}, 0, {2903, 1940}, {234, 1, 125, 255} }},
	{{ {10, 334, 2}, 0, {1061, -1152}, {234, 1, 125, 255} }},
};

Gfx mario_shell_000_displaylist_002_LWing_mesh_layer_4_tri_0[] = {
	gsSPVertex(mario_shell_000_displaylist_002_LWing_mesh_layer_4_vtx_0 + 0, 3, 0),
	gsSP1Triangle(0, 1, 2, 0),
	gsSPEndDisplayList(),
};

Vtx mario_shell_000_offset_003_LShoulder_skinned_mesh_layer_1_vtx_0[5] = {
	{{ {44, 51, 75}, 0, {-16, -16}, {41, 78, 91, 255} }},
	{{ {80, 14, 62}, 0, {-16, -16}, {108, 45, 49, 255} }},
	{{ {84, -29, 63}, 0, {-16, -16}, {100, 212, 65, 255} }},
	{{ {21, -2, 91}, 0, {-16, -16}, {6, 19, 125, 255} }},
	{{ {44, -38, 90}, 0, {-16, -16}, {29, 207, 113, 255} }},
};

Gfx mario_shell_000_offset_003_LShoulder_skinned_mesh_layer_1_tri_0[] = {
	gsSPVertex(mario_shell_000_offset_003_LShoulder_skinned_mesh_layer_1_vtx_0 + 0, 5, 0),
	gsSPEndDisplayList(),
};

Vtx mario_shell_000_offset_003_LShoulder_mesh_layer_1_vtx_0[5] = {
	{{ {6, -16, 32}, 0, {-16, -16}, {145, 198, 18, 255} }},
	{{ {31, -37, -5}, 0, {-16, -16}, {212, 137, 1, 255} }},
	{{ {60, -14, -34}, 0, {-16, -16}, {212, 229, 140, 255} }},
	{{ {80, 21, -21}, 0, {-16, -16}, {222, 111, 206, 255} }},
	{{ {80, 19, 16}, 0, {-16, -16}, {216, 95, 75, 255} }},
};

Gfx mario_shell_000_offset_003_LShoulder_mesh_layer_1_tri_0[] = {
	gsSPVertex(mario_shell_000_offset_003_LShoulder_mesh_layer_1_vtx_0 + 0, 5, 5),
	gsSP2Triangles(1, 5, 2, 0, 0, 5, 1, 0),
	gsSP2Triangles(5, 0, 6, 0, 6, 0, 7, 0),
	gsSP2Triangles(0, 3, 7, 0, 7, 3, 8, 0),
	gsSP2Triangles(3, 4, 8, 0, 4, 2, 8, 0),
	gsSP2Triangles(2, 9, 8, 0, 2, 5, 9, 0),
	gsSPEndDisplayList(),
};

Vtx mario_shell_000_offset_003_LShoulder_mesh_layer_1_vtx_1[4] = {
	{{ {6, -16, 32}, 0, {-16, -16}, {145, 198, 18, 255} }},
	{{ {60, -16, 26}, 0, {-16, -16}, {234, 230, 122, 255} }},
	{{ {80, 19, 16}, 0, {-16, -16}, {216, 95, 75, 255} }},
	{{ {31, -37, -5}, 0, {-16, -16}, {212, 137, 1, 255} }},
};

Gfx mario_shell_000_offset_003_LShoulder_mesh_layer_1_tri_1[] = {
	gsSPVertex(mario_shell_000_offset_003_LShoulder_mesh_layer_1_vtx_1 + 0, 4, 0),
	gsSP2Triangles(0, 1, 2, 0, 1, 0, 3, 0),
	gsSPEndDisplayList(),
};

Vtx mario_shell_000_offset_004_LArm_skinned_mesh_layer_1_vtx_0[5] = {
	{{ {80, 19, 16}, 0, {-16, -16}, {216, 95, 75, 255} }},
	{{ {80, 21, -21}, 0, {-16, -16}, {222, 111, 206, 255} }},
	{{ {60, -16, 26}, 0, {-16, -16}, {234, 230, 122, 255} }},
	{{ {31, -37, -5}, 0, {-16, -16}, {212, 137, 1, 255} }},
	{{ {60, -14, -34}, 0, {-16, -16}, {212, 229, 140, 255} }},
};

Gfx mario_shell_000_offset_004_LArm_skinned_mesh_layer_1_tri_0[] = {
	gsSPVertex(mario_shell_000_offset_004_LArm_skinned_mesh_layer_1_vtx_0 + 0, 5, 0),
	gsSPEndDisplayList(),
};

Vtx mario_shell_000_offset_004_LArm_mesh_layer_1_vtx_0[5] = {
	{{ {58, 14, 13}, 0, {-16, -16}, {150, 15, 68, 255} }},
	{{ {58, 16, -19}, 0, {-16, -16}, {137, 36, 230, 255} }},
	{{ {57, -17, 22}, 0, {-16, -16}, {205, 190, 95, 255} }},
	{{ {56, -34, -4}, 0, {-16, -16}, {209, 139, 243, 255} }},
	{{ {57, -20, -26}, 0, {-16, -16}, {188, 212, 158, 255} }},
};

Gfx mario_shell_000_offset_004_LArm_mesh_layer_1_tri_0[] = {
	gsSPVertex(mario_shell_000_offset_004_LArm_mesh_layer_1_vtx_0 + 0, 5, 5),
	gsSP2Triangles(0, 5, 6, 0, 0, 2, 5, 0),
	gsSP2Triangles(2, 7, 5, 0, 2, 3, 7, 0),
	gsSP2Triangles(3, 8, 7, 0, 3, 4, 8, 0),
	gsSP2Triangles(4, 9, 8, 0, 4, 1, 9, 0),
	gsSP2Triangles(1, 6, 9, 0, 1, 0, 6, 0),
	gsSPEndDisplayList(),
};

Vtx mario_shell_000_offset_005_LHand_skinned_mesh_layer_1_vtx_0[5] = {
	{{ {57, -20, -26}, 0, {-16, -16}, {188, 212, 158, 255} }},
	{{ {58, 16, -19}, 0, {-16, -16}, {137, 36, 230, 255} }},
	{{ {57, -17, 22}, 0, {-16, -16}, {205, 190, 95, 255} }},
	{{ {56, -34, -4}, 0, {-16, -16}, {209, 139, 243, 255} }},
	{{ {58, 14, 13}, 0, {-16, 1008}, {150, 15, 68, 255} }},
};

Gfx mario_shell_000_offset_005_LHand_skinned_mesh_layer_1_tri_0[] = {
	gsSPVertex(mario_shell_000_offset_005_LHand_skinned_mesh_layer_1_vtx_0 + 0, 5, 0),
	gsSPEndDisplayList(),
};

Vtx mario_shell_000_offset_005_LHand_mesh_layer_1_vtx_0[5] = {
	{{ {-10, 26, -37}, 0, {-16, -16}, {184, 49, 163, 255} }},
	{{ {17, -38, -38}, 0, {-16, -16}, {5, 172, 161, 255} }},
	{{ {27, -58, 7}, 0, {-16, -16}, {25, 139, 43, 255} }},
	{{ {5, -6, 37}, 0, {-16, -16}, {228, 255, 124, 255} }},
	{{ {-18, 45, 9}, 0, {-16, -16}, {164, 80, 37, 255} }},
};

Gfx mario_shell_000_offset_005_LHand_mesh_layer_1_tri_0[] = {
	gsSPVertex(mario_shell_000_offset_005_LHand_mesh_layer_1_vtx_0 + 0, 5, 5),
	gsSP2Triangles(5, 0, 1, 0, 5, 6, 0, 0),
	gsSP2Triangles(6, 3, 0, 0, 6, 7, 3, 0),
	gsSP2Triangles(7, 2, 3, 0, 7, 8, 2, 0),
	gsSP2Triangles(2, 8, 4, 0, 4, 8, 9, 0),
	gsSP2Triangles(9, 1, 4, 0, 9, 5, 1, 0),
	gsSPEndDisplayList(),
};

Vtx mario_shell_000_offset_005_LHand_mesh_layer_1_vtx_1[10] = {
	{{ {-1, 39, 5}, 0, {-16, -16}, {222, 115, 42, 255} }},
	{{ {4, 24, -31}, 0, {-16, -16}, {242, 71, 152, 255} }},
	{{ {-10, 26, -37}, 0, {-16, -16}, {184, 49, 163, 255} }},
	{{ {26, -25, -32}, 0, {-16, -16}, {26, 215, 139, 255} }},
	{{ {17, -38, -38}, 0, {-16, -16}, {5, 172, 161, 255} }},
	{{ {34, -41, 3}, 0, {-16, -16}, {69, 156, 35, 255} }},
	{{ {27, -58, 7}, 0, {-16, -16}, {25, 139, 43, 255} }},
	{{ {5, -6, 37}, 0, {-16, -16}, {228, 255, 124, 255} }},
	{{ {17, -1, 27}, 0, {-16, -16}, {3, 2, 127, 255} }},
	{{ {-18, 45, 9}, 0, {-16, -16}, {164, 80, 37, 255} }},
};

Gfx mario_shell_000_offset_005_LHand_mesh_layer_1_tri_1[] = {
	gsSPVertex(mario_shell_000_offset_005_LHand_mesh_layer_1_vtx_1 + 0, 10, 0),
	gsSP2Triangles(0, 1, 2, 0, 2, 1, 3, 0),
	gsSP2Triangles(3, 4, 2, 0, 4, 3, 5, 0),
	gsSP2Triangles(5, 6, 4, 0, 7, 6, 5, 0),
	gsSP2Triangles(5, 8, 7, 0, 7, 8, 0, 0),
	gsSP2Triangles(0, 9, 7, 0, 2, 9, 0, 0),
	gsSPEndDisplayList(),
};

Vtx mario_shell_000_displaylist_003_LHand_mesh_layer_1_vtx_0[12] = {
	{{ {-1, 39, 5}, 0, {-16, -16}, {239, 118, 42, 255} }},
	{{ {17, -1, 27}, 0, {-16, -16}, {2, 254, 127, 255} }},
	{{ {36, 6, 42}, 0, {-16, -16}, {251, 251, 127, 255} }},
	{{ {34, -41, 3}, 0, {-16, -16}, {79, 162, 32, 255} }},
	{{ {88, -33, 4}, 0, {-16, -16}, {93, 177, 34, 255} }},
	{{ {80, -8, -56}, 0, {-16, -16}, {66, 228, 151, 255} }},
	{{ {26, -25, -32}, 0, {-16, -16}, {48, 211, 147, 255} }},
	{{ {4, 24, -31}, 0, {-16, -16}, {8, 65, 147, 255} }},
	{{ {44, 59, -32}, 0, {-16, -16}, {6, 105, 185, 255} }},
	{{ {36, 64, 8}, 0, {-16, -16}, {252, 118, 47, 255} }},
	{{ {86, 29, 41}, 0, {-16, -16}, {71, 35, 99, 255} }},
	{{ {99, 40, -16}, 0, {-16, -16}, {107, 65, 233, 255} }},
};

Gfx mario_shell_000_displaylist_003_LHand_mesh_layer_1_tri_0[] = {
	gsSPVertex(mario_shell_000_displaylist_003_LHand_mesh_layer_1_vtx_0 + 0, 12, 0),
	gsSP2Triangles(0, 1, 2, 0, 2, 1, 3, 0),
	gsSP2Triangles(3, 4, 2, 0, 5, 4, 3, 0),
	gsSP2Triangles(6, 5, 3, 0, 6, 7, 5, 0),
	gsSP2Triangles(5, 7, 8, 0, 0, 8, 7, 0),
	gsSP2Triangles(8, 0, 9, 0, 2, 9, 0, 0),
	gsSP2Triangles(2, 10, 9, 0, 4, 10, 2, 0),
	gsSP2Triangles(4, 11, 10, 0, 5, 11, 4, 0),
	gsSP2Triangles(5, 8, 11, 0, 9, 11, 8, 0),
	gsSP1Triangle(10, 11, 9, 0),
	gsSPEndDisplayList(),
};

Vtx mario_shell_002_switch_option_LOPEN_000_displaylistOption1_LOPEN_mesh_layer_1_vtx_0[15] = {
	{{ {17, -1, 27}, 0, {-16, -16}, {1, 255, 127, 255} }},
	{{ {77, 41, 21}, 0, {-16, -16}, {29, 37, 118, 255} }},
	{{ {-1, 39, 5}, 0, {-16, -16}, {193, 96, 55, 255} }},
	{{ {83, -17, 10}, 0, {-16, -16}, {69, 196, 88, 255} }},
	{{ {34, -41, 3}, 0, {-16, -16}, {1, 144, 61, 255} }},
	{{ {89, -47, -37}, 0, {-16, -16}, {73, 170, 197, 255} }},
	{{ {26, -25, -32}, 0, {-16, -16}, {223, 198, 148, 255} }},
	{{ {26, 41, -41}, 0, {-16, -16}, {211, 47, 147, 255} }},
	{{ {4, 24, -31}, 0, {-16, -16}, {183, 38, 160, 255} }},
	{{ {70, 89, -20}, 0, {-16, -16}, {238, 125, 248, 255} }},
	{{ {121, 73, -21}, 0, {-16, -16}, {84, 86, 42, 255} }},
	{{ {137, 31, -23}, 0, {-16, -16}, {123, 225, 244, 255} }},
	{{ {89, -6, -27}, 0, {-16, -16}, {85, 225, 167, 255} }},
	{{ {78, 59, -34}, 0, {-16, -16}, {245, 19, 131, 255} }},
	{{ {119, 70, -42}, 0, {-16, -16}, {55, 56, 157, 255} }},
};

Gfx mario_shell_002_switch_option_LOPEN_000_displaylistOption1_LOPEN_mesh_layer_1_tri_0[] = {
	gsSPVertex(mario_shell_002_switch_option_LOPEN_000_displaylistOption1_LOPEN_mesh_layer_1_vtx_0 + 0, 15, 0),
	gsSP2Triangles(0, 1, 2, 0, 3, 1, 0, 0),
	gsSP2Triangles(4, 3, 0, 0, 5, 3, 4, 0),
	gsSP2Triangles(4, 6, 5, 0, 5, 6, 7, 0),
	gsSP2Triangles(6, 8, 7, 0, 2, 7, 8, 0),
	gsSP2Triangles(7, 2, 9, 0, 1, 9, 2, 0),
	gsSP2Triangles(10, 9, 1, 0, 11, 10, 1, 0),
	gsSP2Triangles(3, 11, 1, 0, 12, 11, 3, 0),
	gsSP2Triangles(5, 12, 3, 0, 5, 7, 12, 0),
	gsSP2Triangles(7, 13, 12, 0, 9, 13, 7, 0),
	gsSP2Triangles(14, 13, 9, 0, 9, 10, 14, 0),
	gsSP2Triangles(10, 11, 14, 0, 11, 12, 14, 0),
	gsSP1Triangle(12, 13, 14, 0),
	gsSPEndDisplayList(),
};

Vtx mario_shell_000_offset_006_Rshoulder_skinned_mesh_layer_1_vtx_0[5] = {
	{{ {21, -2, -91}, 0, {-16, -16}, {10, 9, 130, 255} }},
	{{ {43, 51, -74}, 0, {-16, -16}, {41, 73, 161, 255} }},
	{{ {84, -29, -62}, 0, {-16, -16}, {100, 210, 193, 255} }},
	{{ {46, -44, -80}, 0, {-16, -16}, {37, 197, 150, 255} }},
	{{ {80, 14, -61}, 0, {-16, -16}, {103, 43, 196, 255} }},
};

Gfx mario_shell_000_offset_006_Rshoulder_skinned_mesh_layer_1_tri_0[] = {
	gsSPVertex(mario_shell_000_offset_006_Rshoulder_skinned_mesh_layer_1_vtx_0 + 0, 5, 0),
	gsSPEndDisplayList(),
};

Vtx mario_shell_000_offset_006_Rshoulder_mesh_layer_1_vtx_0[5] = {
	{{ {60, -17, 38}, 0, {-16, -16}, {216, 204, 109, 255} }},
	{{ {80, 18, 28}, 0, {-16, -16}, {226, 103, 67, 255} }},
	{{ {80, 20, -9}, 0, {-16, -16}, {223, 106, 194, 255} }},
	{{ {6, -15, -30}, 0, {-16, -16}, {230, 13, 133, 255} }},
	{{ {31, -38, 6}, 0, {-16, -16}, {197, 144, 247, 255} }},
};

Gfx mario_shell_000_offset_006_Rshoulder_mesh_layer_1_tri_0[] = {
	gsSPVertex(mario_shell_000_offset_006_Rshoulder_mesh_layer_1_vtx_0 + 0, 5, 5),
	gsSP2Triangles(5, 0, 1, 0, 5, 6, 0, 0),
	gsSP2Triangles(6, 3, 0, 0, 6, 2, 3, 0),
	gsSP2Triangles(6, 7, 2, 0, 7, 8, 2, 0),
	gsSP2Triangles(4, 2, 8, 0, 4, 8, 1, 0),
	gsSP2Triangles(9, 1, 8, 0, 9, 5, 1, 0),
	gsSPEndDisplayList(),
};

Vtx mario_shell_000_offset_006_Rshoulder_mesh_layer_1_vtx_1[4] = {
	{{ {60, -14, -22}, 0, {-16, -16}, {245, 249, 130, 255} }},
	{{ {31, -38, 6}, 0, {-16, -16}, {197, 144, 247, 255} }},
	{{ {6, -15, -30}, 0, {-16, -16}, {230, 13, 133, 255} }},
	{{ {80, 20, -9}, 0, {-16, -16}, {223, 106, 194, 255} }},
};

Gfx mario_shell_000_offset_006_Rshoulder_mesh_layer_1_tri_1[] = {
	gsSPVertex(mario_shell_000_offset_006_Rshoulder_mesh_layer_1_vtx_1 + 0, 4, 0),
	gsSP2Triangles(0, 1, 2, 0, 3, 0, 2, 0),
	gsSPEndDisplayList(),
};

Vtx mario_shell_000_offset_007_RArm_skinned_mesh_layer_1_vtx_0[5] = {
	{{ {60, -17, 38}, 0, {-16, -16}, {216, 204, 109, 255} }},
	{{ {31, -38, 6}, 0, {-16, -16}, {197, 144, 247, 255} }},
	{{ {60, -14, -22}, 0, {-16, -16}, {245, 249, 130, 255} }},
	{{ {80, 20, -9}, 0, {-16, -16}, {223, 106, 194, 255} }},
	{{ {80, 18, 28}, 0, {-16, -16}, {226, 103, 67, 255} }},
};

Gfx mario_shell_000_offset_007_RArm_skinned_mesh_layer_1_tri_0[] = {
	gsSPVertex(mario_shell_000_offset_007_RArm_skinned_mesh_layer_1_vtx_0 + 0, 5, 0),
	gsSPEndDisplayList(),
};

Vtx mario_shell_000_offset_007_RArm_mesh_layer_1_vtx_0[5] = {
	{{ {52, -36, 6}, 0, {-16, -16}, {213, 137, 3, 255} }},
	{{ {53, -23, 30}, 0, {-16, -16}, {192, 206, 97, 255} }},
	{{ {54, 13, 25}, 0, {-16, -16}, {162, 65, 56, 255} }},
	{{ {54, 15, -7}, 0, {-16, -16}, {164, 44, 180, 255} }},
	{{ {53, -15, -19}, 0, {-16, -16}, {209, 201, 152, 255} }},
};

Gfx mario_shell_000_offset_007_RArm_mesh_layer_1_tri_0[] = {
	gsSPVertex(mario_shell_000_offset_007_RArm_mesh_layer_1_vtx_0 + 0, 5, 5),
	gsSP2Triangles(5, 0, 1, 0, 5, 6, 0, 0),
	gsSP2Triangles(6, 4, 0, 0, 6, 7, 4, 0),
	gsSP2Triangles(7, 3, 4, 0, 7, 8, 3, 0),
	gsSP2Triangles(8, 2, 3, 0, 8, 9, 2, 0),
	gsSP2Triangles(9, 1, 2, 0, 9, 5, 1, 0),
	gsSPEndDisplayList(),
};

Vtx mario_shell_000_offset_008_RHand_skinned_mesh_layer_1_vtx_0[6] = {
	{{ {54, 13, 25}, 0, {-16, 1008}, {162, 65, 56, 255} }},
	{{ {54, 15, -7}, 0, {-16, 1008}, {164, 44, 180, 255} }},
	{{ {54, 15, -7}, 0, {-16, -16}, {164, 44, 180, 255} }},
	{{ {52, -36, 6}, 0, {-16, -16}, {213, 137, 3, 255} }},
	{{ {53, -15, -19}, 0, {-16, -16}, {209, 201, 152, 255} }},
	{{ {53, -23, 30}, 0, {-16, 1008}, {192, 206, 97, 255} }},
};

Gfx mario_shell_000_offset_008_RHand_skinned_mesh_layer_1_tri_0[] = {
	gsSPVertex(mario_shell_000_offset_008_RHand_skinned_mesh_layer_1_vtx_0 + 0, 6, 0),
	gsSPEndDisplayList(),
};

Vtx mario_shell_000_offset_008_RHand_mesh_layer_1_vtx_0[6] = {
	{{ {-19, 47, -4}, 0, {-16, 1008}, {186, 100, 222, 255} }},
	{{ {-14, 27, 41}, 0, {-16, 1008}, {218, 60, 105, 255} }},
	{{ {13, -37, 42}, 0, {-16, 1008}, {10, 170, 93, 255} }},
	{{ {24, -57, -3}, 0, {-16, -16}, {26, 140, 212, 255} }},
	{{ {4, -3, -33}, 0, {-16, -16}, {237, 7, 131, 255} }},
	{{ {-19, 47, -4}, 0, {-16, -16}, {186, 100, 222, 255} }},
};

Gfx mario_shell_000_offset_008_RHand_mesh_layer_1_tri_0[] = {
	gsSPVertex(mario_shell_000_offset_008_RHand_mesh_layer_1_vtx_0 + 0, 6, 6),
	gsSP2Triangles(0, 6, 1, 0, 0, 7, 6, 0),
	gsSP2Triangles(7, 0, 5, 0, 7, 5, 8, 0),
	gsSP2Triangles(8, 5, 3, 0, 8, 3, 9, 0),
	gsSP2Triangles(9, 3, 4, 0, 9, 4, 10, 0),
	gsSP2Triangles(10, 4, 2, 0, 10, 2, 11, 0),
	gsSPEndDisplayList(),
};

Vtx mario_shell_000_offset_008_RHand_mesh_layer_1_vtx_1[10] = {
	{{ {-14, 27, 41}, 0, {-16, -16}, {218, 60, 105, 255} }},
	{{ {13, -37, 42}, 0, {-16, -16}, {10, 170, 93, 255} }},
	{{ {23, -26, 35}, 0, {-16, -16}, {31, 210, 114, 255} }},
	{{ {31, -40, -1}, 0, {-16, -16}, {67, 156, 215, 255} }},
	{{ {24, -57, -3}, 0, {-16, -16}, {26, 140, 212, 255} }},
	{{ {4, -3, -33}, 0, {-16, -16}, {237, 7, 131, 255} }},
	{{ {15, 0, -23}, 0, {-16, -16}, {11, 5, 130, 255} }},
	{{ {-2, 41, -1}, 0, {-16, -16}, {235, 119, 217, 255} }},
	{{ {-19, 47, -4}, 0, {-16, -16}, {186, 100, 222, 255} }},
	{{ {1, 24, 35}, 0, {-16, -16}, {250, 67, 107, 255} }},
};

Gfx mario_shell_000_offset_008_RHand_mesh_layer_1_tri_1[] = {
	gsSPVertex(mario_shell_000_offset_008_RHand_mesh_layer_1_vtx_1 + 0, 10, 0),
	gsSP2Triangles(0, 1, 2, 0, 3, 2, 1, 0),
	gsSP2Triangles(1, 4, 3, 0, 3, 4, 5, 0),
	gsSP2Triangles(5, 6, 3, 0, 7, 6, 5, 0),
	gsSP2Triangles(5, 8, 7, 0, 7, 8, 0, 0),
	gsSP2Triangles(0, 9, 7, 0, 2, 9, 0, 0),
	gsSPEndDisplayList(),
};

Vtx mario_shell_000_displaylist_004_Rhand_mesh_layer_1_vtx_0[12] = {
	{{ {31, -40, -1}, 0, {-16, -16}, {76, 162, 217, 255} }},
	{{ {76, -10, 61}, 0, {-16, -16}, {62, 222, 105, 255} }},
	{{ {23, -26, 35}, 0, {-16, -16}, {46, 202, 106, 255} }},
	{{ {85, -33, 1}, 0, {-16, -16}, {93, 177, 221, 255} }},
	{{ {35, 9, -37}, 0, {-16, -16}, {0, 1, 129, 255} }},
	{{ {15, 0, -23}, 0, {-16, -16}, {9, 1, 129, 255} }},
	{{ {-2, 41, -1}, 0, {-16, -16}, {243, 120, 215, 255} }},
	{{ {35, 64, 0}, 0, {-16, -16}, {0, 120, 213, 255} }},
	{{ {42, 58, 39}, 0, {-16, -16}, {5, 102, 75, 255} }},
	{{ {1, 24, 35}, 0, {-16, -16}, {6, 60, 112, 255} }},
	{{ {97, 39, 24}, 0, {-16, -16}, {106, 63, 29, 255} }},
	{{ {86, 30, -33}, 0, {-16, -16}, {76, 38, 161, 255} }},
};

Gfx mario_shell_000_displaylist_004_Rhand_mesh_layer_1_tri_0[] = {
	gsSPVertex(mario_shell_000_displaylist_004_Rhand_mesh_layer_1_vtx_0 + 0, 12, 0),
	gsSP2Triangles(0, 1, 2, 0, 0, 3, 1, 0),
	gsSP2Triangles(4, 3, 0, 0, 0, 5, 4, 0),
	gsSP2Triangles(4, 5, 6, 0, 6, 7, 4, 0),
	gsSP2Triangles(7, 6, 8, 0, 8, 6, 9, 0),
	gsSP2Triangles(8, 9, 1, 0, 1, 9, 2, 0),
	gsSP2Triangles(10, 8, 1, 0, 8, 10, 7, 0),
	gsSP2Triangles(7, 10, 11, 0, 11, 10, 3, 0),
	gsSP2Triangles(3, 10, 1, 0, 4, 11, 3, 0),
	gsSP1Triangle(7, 11, 4, 0),
	gsSPEndDisplayList(),
};

Vtx mario_shell_002_switch_option_LHandOption1_000_displaylist_003__ROPEN_mesh_layer_1_vtx_0[15] = {
	{{ {15, 0, -23}, 0, {-16, -16}, {241, 251, 130, 255} }},
	{{ {86, -19, -13}, 0, {-16, -16}, {61, 186, 169, 255} }},
	{{ {31, -40, -1}, 0, {-16, -16}, {249, 143, 199, 255} }},
	{{ {81, 37, -28}, 0, {-16, -16}, {22, 25, 133, 255} }},
	{{ {-2, 41, -1}, 0, {-16, -16}, {193, 103, 215, 255} }},
	{{ {76, 88, 9}, 0, {-16, -16}, {242, 126, 254, 255} }},
	{{ {34, 43, 36}, 0, {-16, -16}, {233, 57, 111, 255} }},
	{{ {1, 24, 35}, 0, {-16, -16}, {222, 54, 110, 255} }},
	{{ {93, -45, 36}, 0, {-16, -16}, {76, 175, 61, 255} }},
	{{ {23, -26, 35}, 0, {-16, -16}, {240, 204, 115, 255} }},
	{{ {93, -5, 22}, 0, {-16, -16}, {90, 231, 86, 255} }},
	{{ {139, 30, 15}, 0, {-16, -16}, {122, 223, 12, 255} }},
	{{ {125, 71, 9}, 0, {-16, -16}, {84, 80, 206, 255} }},
	{{ {124, 69, 30}, 0, {-16, -16}, {61, 61, 93, 255} }},
	{{ {84, 59, 25}, 0, {-16, -16}, {253, 29, 124, 255} }},
};

Gfx mario_shell_002_switch_option_LHandOption1_000_displaylist_003__ROPEN_mesh_layer_1_tri_0[] = {
	gsSPVertex(mario_shell_002_switch_option_LHandOption1_000_displaylist_003__ROPEN_mesh_layer_1_vtx_0 + 0, 15, 0),
	gsSP2Triangles(0, 1, 2, 0, 0, 3, 1, 0),
	gsSP2Triangles(3, 0, 4, 0, 5, 3, 4, 0),
	gsSP2Triangles(5, 4, 6, 0, 7, 6, 4, 0),
	gsSP2Triangles(6, 7, 8, 0, 8, 7, 9, 0),
	gsSP2Triangles(8, 9, 2, 0, 2, 1, 8, 0),
	gsSP2Triangles(1, 10, 8, 0, 1, 11, 10, 0),
	gsSP2Triangles(3, 11, 1, 0, 3, 12, 11, 0),
	gsSP2Triangles(3, 5, 12, 0, 13, 12, 5, 0),
	gsSP2Triangles(5, 14, 13, 0, 6, 14, 5, 0),
	gsSP2Triangles(10, 14, 6, 0, 10, 6, 8, 0),
	gsSP2Triangles(14, 10, 13, 0, 10, 11, 13, 0),
	gsSP1Triangle(13, 11, 12, 0),
	gsSPEndDisplayList(),
};

Vtx mario_shell_002_switch_option_RPEACE_000_displaylist_003__RPEACE_mesh_layer_1_vtx_0[19] = {
	{{ {23, -26, 35}, 0, {-16, -16}, {34, 188, 102, 255} }},
	{{ {31, -40, -1}, 0, {-16, -16}, {25, 134, 232, 255} }},
	{{ {85, 8, 31}, 0, {-16, -16}, {36, 230, 119, 255} }},
	{{ {102, -21, 14}, 0, {-16, -16}, {16, 150, 68, 255} }},
	{{ {94, -22, -18}, 0, {-16, -16}, {25, 169, 167, 255} }},
	{{ {15, 0, -23}, 0, {-16, -16}, {240, 255, 130, 255} }},
	{{ {93, 21, -24}, 0, {-16, -16}, {32, 19, 135, 255} }},
	{{ {50, 76, -3}, 0, {-16, -16}, {245, 121, 219, 255} }},
	{{ {-2, 41, -1}, 0, {-16, -16}, {188, 99, 214, 255} }},
	{{ {46, 49, 45}, 0, {-16, -16}, {251, 63, 110, 255} }},
	{{ {1, 24, 35}, 0, {-16, -16}, {205, 50, 105, 255} }},
	{{ {84, 48, 24}, 0, {-16, -16}, {18, 76, 100, 255} }},
	{{ {146, 55, 25}, 0, {-16, -16}, {90, 244, 89, 255} }},
	{{ {160, 9, 24}, 0, {-16, -16}, {64, 38, 103, 255} }},
	{{ {168, -12, 2}, 0, {-16, -16}, {92, 169, 243, 255} }},
	{{ {169, 16, -11}, 0, {-16, -16}, {87, 62, 187, 255} }},
	{{ {153, 61, -8}, 0, {-16, -16}, {104, 13, 184, 255} }},
	{{ {132, 80, 9}, 0, {-16, -16}, {15, 126, 7, 255} }},
	{{ {84, 60, -7}, 0, {-16, -16}, {13, 107, 189, 255} }},
};

Gfx mario_shell_002_switch_option_RPEACE_000_displaylist_003__RPEACE_mesh_layer_1_tri_0[] = {
	gsSPVertex(mario_shell_002_switch_option_RPEACE_000_displaylist_003__RPEACE_mesh_layer_1_vtx_0 + 0, 19, 0),
	gsSP2Triangles(0, 1, 2, 0, 1, 3, 2, 0),
	gsSP2Triangles(3, 1, 4, 0, 1, 5, 4, 0),
	gsSP2Triangles(5, 6, 4, 0, 7, 6, 5, 0),
	gsSP2Triangles(8, 7, 5, 0, 9, 7, 8, 0),
	gsSP2Triangles(9, 8, 10, 0, 0, 9, 10, 0),
	gsSP2Triangles(0, 2, 9, 0, 2, 11, 9, 0),
	gsSP2Triangles(11, 2, 12, 0, 12, 2, 6, 0),
	gsSP2Triangles(6, 2, 13, 0, 3, 13, 2, 0),
	gsSP2Triangles(3, 14, 13, 0, 4, 14, 3, 0),
	gsSP2Triangles(14, 4, 6, 0, 6, 15, 14, 0),
	gsSP2Triangles(6, 13, 15, 0, 14, 15, 13, 0),
	gsSP2Triangles(12, 6, 16, 0, 6, 17, 16, 0),
	gsSP2Triangles(17, 6, 18, 0, 7, 18, 6, 0),
	gsSP2Triangles(7, 11, 18, 0, 9, 11, 7, 0),
	gsSP2Triangles(18, 11, 17, 0, 12, 17, 11, 0),
	gsSP1Triangle(17, 12, 16, 0),
	gsSPEndDisplayList(),
};

Vtx mario_shell_002_switch_option_RCAP_000_displaylist_003_RCAP_mesh_layer_1_vtx_0[29] = {
	{{ {91, 14, 39}, 0, {791, 817}, {200, 58, 158, 255} }},
	{{ {126, 66, 93}, 0, {1197, 1198}, {166, 79, 42, 255} }},
	{{ {135, 49, -22}, 0, {1087, -89}, {223, 73, 158, 255} }},
	{{ {86, -48, 32}, 0, {209, 817}, {191, 228, 151, 255} }},
	{{ {124, -77, -34}, 0, {-88, -89}, {213, 210, 146, 255} }},
	{{ {110, -115, 75}, 0, {-204, 1198}, {152, 188, 27, 255} }},
	{{ {110, -115, 75}, 0, {-16, -16}, {152, 188, 27, 255} }},
	{{ {166, -161, 63}, 0, {-16, -16}, {250, 135, 217, 255} }},
	{{ {166, -134, 152}, 0, {-16, -16}, {177, 194, 77, 255} }},
	{{ {124, -77, -34}, 0, {-16, -16}, {213, 210, 146, 255} }},
	{{ {198, -64, -8}, 0, {-16, -16}, {79, 224, 162, 255} }},
	{{ {135, 49, -22}, 0, {-16, -16}, {223, 73, 158, 255} }},
	{{ {205, 18, 0}, 0, {-16, -16}, {85, 36, 168, 255} }},
	{{ {190, 104, 90}, 0, {-16, -16}, {15, 125, 242, 255} }},
	{{ {126, 66, 93}, 0, {-16, -16}, {166, 79, 42, 255} }},
	{{ {183, 60, 172}, 0, {-16, -16}, {187, 59, 89, 255} }},
	{{ {110, -115, 75}, 0, {-16, -16}, {152, 188, 27, 255} }},
	{{ {48, 51, 56}, 0, {-16, -16}, {174, 97, 2, 255} }},
	{{ {91, 14, 39}, 0, {-16, -16}, {200, 58, 158, 255} }},
	{{ {23, -11, 33}, 0, {-16, -16}, {136, 5, 216, 255} }},
	{{ {86, -48, 32}, 0, {-16, -16}, {191, 228, 151, 255} }},
	{{ {45, -77, 45}, 0, {-16, -16}, {159, 175, 247, 255} }},
	{{ {226, -48, 225}, 0, {-16, -16}, {209, 248, 118, 255} }},
	{{ {267, -101, 213}, 0, {-16, -16}, {68, 191, 85, 255} }},
	{{ {194, -161, 134}, 0, {-16, -16}, {1, 133, 30, 255} }},
	{{ {266, -118, 139}, 0, {-16, -16}, {106, 190, 236, 255} }},
	{{ {278, 30, 154}, 0, {-16, -16}, {117, 50, 247, 255} }},
	{{ {216, 84, 158}, 0, {-16, -16}, {23, 113, 54, 255} }},
	{{ {276, -1, 223}, 0, {-16, -16}, {77, 35, 95, 255} }},
};

Gfx mario_shell_002_switch_option_RCAP_000_displaylist_003_RCAP_mesh_layer_1_tri_0[] = {
	gsSPVertex(mario_shell_002_switch_option_RCAP_000_displaylist_003_RCAP_mesh_layer_1_vtx_0 + 0, 29, 0),
	gsSP2Triangles(0, 1, 2, 0, 2, 3, 0, 0),
	gsSP2Triangles(2, 4, 3, 0, 4, 5, 3, 0),
	gsSP2Triangles(6, 7, 8, 0, 6, 9, 7, 0),
	gsSP2Triangles(10, 7, 9, 0, 9, 11, 10, 0),
	gsSP2Triangles(10, 11, 12, 0, 11, 13, 12, 0),
	gsSP2Triangles(13, 11, 14, 0, 13, 14, 15, 0),
	gsSP2Triangles(14, 16, 15, 0, 14, 17, 16, 0),
	gsSP2Triangles(18, 17, 14, 0, 18, 19, 17, 0),
	gsSP2Triangles(20, 19, 18, 0, 21, 19, 20, 0),
	gsSP2Triangles(21, 20, 16, 0, 16, 19, 21, 0),
	gsSP2Triangles(17, 19, 16, 0, 8, 15, 16, 0),
	gsSP2Triangles(22, 15, 8, 0, 22, 8, 23, 0),
	gsSP2Triangles(8, 24, 23, 0, 7, 24, 8, 0),
	gsSP2Triangles(7, 25, 24, 0, 25, 7, 10, 0),
	gsSP2Triangles(25, 10, 26, 0, 10, 12, 26, 0),
	gsSP2Triangles(12, 13, 26, 0, 27, 26, 13, 0),
	gsSP2Triangles(15, 27, 13, 0, 27, 15, 28, 0),
	gsSP2Triangles(15, 22, 28, 0, 28, 22, 23, 0),
	gsSP2Triangles(23, 26, 28, 0, 26, 23, 25, 0),
	gsSP2Triangles(23, 24, 25, 0, 26, 27, 28, 0),
	gsSPEndDisplayList(),
};

Vtx mario_shell_002_switch_option_RCAP_000_displaylist_003_RCAP_mesh_layer_1_vtx_1[12] = {
	{{ {31, -40, -1}, 0, {-16, -16}, {35, 140, 217, 255} }},
	{{ {60, -8, 68}, 0, {-16, -16}, {32, 212, 115, 255} }},
	{{ {23, -26, 35}, 0, {-16, -16}, {230, 161, 80, 255} }},
	{{ {87, -16, 7}, 0, {-16, -16}, {101, 182, 236, 255} }},
	{{ {35, 9, -37}, 0, {-16, -16}, {248, 245, 130, 255} }},
	{{ {15, 0, -23}, 0, {-16, -16}, {193, 228, 149, 255} }},
	{{ {-2, 41, -1}, 0, {-16, -16}, {173, 87, 215, 255} }},
	{{ {53, 80, -3}, 0, {-16, -16}, {14, 121, 221, 255} }},
	{{ {33, 54, 49}, 0, {-16, -16}, {229, 82, 93, 255} }},
	{{ {1, 24, 35}, 0, {-16, -16}, {171, 36, 87, 255} }},
	{{ {86, 42, 28}, 0, {-16, -16}, {105, 52, 49, 255} }},
	{{ {87, 30, -14}, 0, {-16, -16}, {100, 21, 180, 255} }},
};

Gfx mario_shell_002_switch_option_RCAP_000_displaylist_003_RCAP_mesh_layer_1_tri_1[] = {
	gsSPVertex(mario_shell_002_switch_option_RCAP_000_displaylist_003_RCAP_mesh_layer_1_vtx_1 + 0, 12, 0),
	gsSP2Triangles(0, 1, 2, 0, 0, 3, 1, 0),
	gsSP2Triangles(4, 3, 0, 0, 0, 5, 4, 0),
	gsSP2Triangles(4, 5, 6, 0, 6, 7, 4, 0),
	gsSP2Triangles(7, 6, 8, 0, 8, 6, 9, 0),
	gsSP2Triangles(8, 9, 1, 0, 1, 9, 2, 0),
	gsSP2Triangles(10, 8, 1, 0, 8, 10, 7, 0),
	gsSP2Triangles(7, 10, 11, 0, 11, 10, 3, 0),
	gsSP2Triangles(3, 10, 1, 0, 4, 11, 3, 0),
	gsSP1Triangle(7, 11, 4, 0),
	gsSPEndDisplayList(),
};

Vtx mario_shell_002_switch_option_RCAPHAND_000_displaylist_003_RCAPHAND_mesh_layer_1_vtx_0[29] = {
	{{ {91, 14, 39}, 0, {791, 817}, {200, 58, 158, 255} }},
	{{ {126, 66, 93}, 0, {1197, 1198}, {166, 79, 42, 255} }},
	{{ {135, 49, -22}, 0, {1087, -89}, {223, 73, 158, 255} }},
	{{ {86, -48, 32}, 0, {209, 817}, {191, 228, 151, 255} }},
	{{ {124, -77, -34}, 0, {-88, -89}, {213, 210, 146, 255} }},
	{{ {110, -115, 75}, 0, {-204, 1198}, {152, 188, 27, 255} }},
	{{ {110, -115, 75}, 0, {-16, -16}, {152, 188, 27, 255} }},
	{{ {166, -161, 63}, 0, {-16, -16}, {250, 135, 217, 255} }},
	{{ {166, -134, 152}, 0, {-16, -16}, {177, 194, 77, 255} }},
	{{ {124, -77, -34}, 0, {-16, -16}, {213, 210, 146, 255} }},
	{{ {198, -64, -8}, 0, {-16, -16}, {79, 224, 162, 255} }},
	{{ {135, 49, -22}, 0, {-16, -16}, {223, 73, 158, 255} }},
	{{ {205, 18, 0}, 0, {-16, -16}, {85, 36, 168, 255} }},
	{{ {190, 104, 90}, 0, {-16, -16}, {15, 125, 242, 255} }},
	{{ {126, 66, 93}, 0, {-16, -16}, {166, 79, 42, 255} }},
	{{ {183, 60, 172}, 0, {-16, -16}, {187, 59, 89, 255} }},
	{{ {110, -115, 75}, 0, {-16, -16}, {152, 188, 27, 255} }},
	{{ {48, 51, 56}, 0, {-16, -16}, {174, 97, 2, 255} }},
	{{ {91, 14, 39}, 0, {-16, -16}, {200, 58, 158, 255} }},
	{{ {23, -11, 33}, 0, {-16, -16}, {136, 5, 216, 255} }},
	{{ {86, -48, 32}, 0, {-16, -16}, {191, 228, 151, 255} }},
	{{ {45, -77, 45}, 0, {-16, -16}, {159, 175, 247, 255} }},
	{{ {226, -48, 225}, 0, {-16, -16}, {209, 248, 118, 255} }},
	{{ {267, -101, 213}, 0, {-16, -16}, {68, 191, 85, 255} }},
	{{ {194, -161, 134}, 0, {-16, -16}, {1, 133, 30, 255} }},
	{{ {266, -118, 139}, 0, {-16, -16}, {106, 190, 236, 255} }},
	{{ {278, 30, 154}, 0, {-16, -16}, {117, 50, 247, 255} }},
	{{ {216, 84, 158}, 0, {-16, -16}, {23, 113, 54, 255} }},
	{{ {276, -1, 223}, 0, {-16, -16}, {77, 35, 95, 255} }},
};

Gfx mario_shell_002_switch_option_RCAPHAND_000_displaylist_003_RCAPHAND_mesh_layer_1_tri_0[] = {
	gsSPVertex(mario_shell_002_switch_option_RCAPHAND_000_displaylist_003_RCAPHAND_mesh_layer_1_vtx_0 + 0, 29, 0),
	gsSP2Triangles(0, 1, 2, 0, 2, 3, 0, 0),
	gsSP2Triangles(2, 4, 3, 0, 4, 5, 3, 0),
	gsSP2Triangles(6, 7, 8, 0, 6, 9, 7, 0),
	gsSP2Triangles(10, 7, 9, 0, 9, 11, 10, 0),
	gsSP2Triangles(10, 11, 12, 0, 11, 13, 12, 0),
	gsSP2Triangles(13, 11, 14, 0, 13, 14, 15, 0),
	gsSP2Triangles(14, 16, 15, 0, 14, 17, 16, 0),
	gsSP2Triangles(18, 17, 14, 0, 18, 19, 17, 0),
	gsSP2Triangles(20, 19, 18, 0, 21, 19, 20, 0),
	gsSP2Triangles(21, 20, 16, 0, 16, 19, 21, 0),
	gsSP2Triangles(17, 19, 16, 0, 8, 15, 16, 0),
	gsSP2Triangles(22, 15, 8, 0, 22, 8, 23, 0),
	gsSP2Triangles(8, 24, 23, 0, 7, 24, 8, 0),
	gsSP2Triangles(7, 25, 24, 0, 25, 7, 10, 0),
	gsSP2Triangles(25, 10, 26, 0, 10, 12, 26, 0),
	gsSP2Triangles(12, 13, 26, 0, 27, 26, 13, 0),
	gsSP2Triangles(15, 27, 13, 0, 27, 15, 28, 0),
	gsSP2Triangles(15, 22, 28, 0, 28, 22, 23, 0),
	gsSP2Triangles(23, 26, 28, 0, 26, 23, 25, 0),
	gsSP2Triangles(23, 24, 25, 0, 26, 27, 28, 0),
	gsSPEndDisplayList(),
};

Vtx mario_shell_002_switch_option_RCAPHAND_000_displaylist_003_RCAPHAND_mesh_layer_1_vtx_1[12] = {
	{{ {31, -40, -1}, 0, {-16, -16}, {33, 140, 217, 255} }},
	{{ {60, -8, 68}, 0, {-16, -16}, {32, 212, 115, 255} }},
	{{ {23, -26, 35}, 0, {-16, -16}, {230, 161, 80, 255} }},
	{{ {87, -16, 7}, 0, {-16, -16}, {101, 181, 238, 255} }},
	{{ {43, 14, -40}, 0, {-16, -16}, {2, 250, 129, 255} }},
	{{ {15, 0, -23}, 0, {-16, -16}, {202, 230, 144, 255} }},
	{{ {-2, 41, -1}, 0, {-16, -16}, {173, 87, 216, 255} }},
	{{ {53, 80, -3}, 0, {-16, -16}, {13, 122, 223, 255} }},
	{{ {33, 54, 49}, 0, {-16, -16}, {229, 82, 93, 255} }},
	{{ {1, 24, 35}, 0, {-16, -16}, {171, 36, 87, 255} }},
	{{ {86, 42, 28}, 0, {-16, -16}, {105, 52, 49, 255} }},
	{{ {87, 30, -14}, 0, {-16, -16}, {103, 23, 186, 255} }},
};

Gfx mario_shell_002_switch_option_RCAPHAND_000_displaylist_003_RCAPHAND_mesh_layer_1_tri_1[] = {
	gsSPVertex(mario_shell_002_switch_option_RCAPHAND_000_displaylist_003_RCAPHAND_mesh_layer_1_vtx_1 + 0, 12, 0),
	gsSP2Triangles(0, 1, 2, 0, 0, 3, 1, 0),
	gsSP2Triangles(4, 3, 0, 0, 0, 5, 4, 0),
	gsSP2Triangles(4, 5, 6, 0, 6, 7, 4, 0),
	gsSP2Triangles(7, 6, 8, 0, 8, 6, 9, 0),
	gsSP2Triangles(8, 9, 1, 0, 1, 9, 2, 0),
	gsSP2Triangles(10, 8, 1, 0, 8, 10, 7, 0),
	gsSP2Triangles(7, 10, 11, 0, 11, 10, 3, 0),
	gsSP2Triangles(3, 10, 1, 0, 4, 11, 3, 0),
	gsSP1Triangle(7, 11, 4, 0),
	gsSPEndDisplayList(),
};

Vtx mario_shell_002_switch_option_RCAPHAND_000_displaylist_003_RCAPHAND_mesh_layer_4_vtx_0[6] = {
	{{ {91, 14, 39}, 0, {-509, 2059}, {198, 101, 205, 255} }},
	{{ {275, 222, 239}, 0, {2903, 1940}, {198, 101, 205, 255} }},
	{{ {464, 164, -88}, 0, {1061, -1152}, {198, 101, 205, 255} }},
	{{ {86, -48, 32}, 0, {-509, 2059}, {186, 169, 195, 255} }},
	{{ {421, -216, -114}, 0, {1061, -1152}, {186, 169, 195, 255} }},
	{{ {246, -305, 214}, 0, {2903, 1940}, {186, 169, 195, 255} }},
};

Gfx mario_shell_002_switch_option_RCAPHAND_000_displaylist_003_RCAPHAND_mesh_layer_4_tri_0[] = {
	gsSPVertex(mario_shell_002_switch_option_RCAPHAND_000_displaylist_003_RCAPHAND_mesh_layer_4_vtx_0 + 0, 6, 0),
	gsSP2Triangles(0, 1, 2, 0, 3, 4, 5, 0),
	gsSPEndDisplayList(),
};

Vtx mario_shell_000_offset_009_LThigh_skinned_mesh_layer_1_vtx_0[4] = {
	{{ {5, -41, 90}, 0, {-16, -16}, {178, 231, 97, 255} }},
	{{ {-15, -66, 0}, 0, {-16, -16}, {132, 228, 0, 255} }},
	{{ {-32, 57, 0}, 0, {-16, -16}, {133, 30, 0, 255} }},
	{{ {40, 65, 63}, 0, {-16, -16}, {199, 62, 95, 255} }},
};

Gfx mario_shell_000_offset_009_LThigh_skinned_mesh_layer_1_tri_0[] = {
	gsSPVertex(mario_shell_000_offset_009_LThigh_skinned_mesh_layer_1_vtx_0 + 0, 4, 0),
	gsSPEndDisplayList(),
};

Vtx mario_shell_000_offset_009_LThigh_mesh_layer_1_vtx_0[5] = {
	{{ {64, 47, 32}, 0, {-16, -16}, {182, 73, 72, 255} }},
	{{ {95, -15, 49}, 0, {-16, -16}, {204, 216, 109, 255} }},
	{{ {93, -46, 9}, 0, {-16, -16}, {207, 140, 15, 255} }},
	{{ {95, -15, -31}, 0, {-16, -16}, {220, 213, 142, 255} }},
	{{ {65, 47, -16}, 0, {-16, -16}, {192, 86, 187, 255} }},
};

Gfx mario_shell_000_offset_009_LThigh_mesh_layer_1_tri_0[] = {
	gsSPVertex(mario_shell_000_offset_009_LThigh_mesh_layer_1_vtx_0 + 0, 5, 4),
	gsSP2Triangles(0, 4, 1, 0, 0, 5, 4, 0),
	gsSP2Triangles(5, 0, 3, 0, 6, 5, 3, 0),
	gsSP2Triangles(3, 2, 6, 0, 2, 7, 6, 0),
	gsSP2Triangles(8, 7, 2, 0, 2, 1, 8, 0),
	gsSP1Triangle(4, 8, 1, 0),
	gsSPEndDisplayList(),
};

Vtx mario_shell_000_offset_010_LLeg_skinned_mesh_layer_1_vtx_0[5] = {
	{{ {93, -46, 9}, 0, {-16, -16}, {207, 140, 15, 255} }},
	{{ {64, 47, 32}, 0, {-16, -16}, {182, 73, 72, 255} }},
	{{ {65, 47, -16}, 0, {-16, -16}, {192, 86, 187, 255} }},
	{{ {95, -15, -31}, 0, {-16, -16}, {220, 213, 142, 255} }},
	{{ {95, -15, 49}, 0, {-16, -16}, {204, 216, 109, 255} }},
};

Gfx mario_shell_000_offset_010_LLeg_skinned_mesh_layer_1_tri_0[] = {
	gsSPVertex(mario_shell_000_offset_010_LLeg_skinned_mesh_layer_1_vtx_0 + 0, 5, 0),
	gsSPEndDisplayList(),
};

Vtx mario_shell_000_offset_010_LLeg_mesh_layer_1_vtx_0[5] = {
	{{ {67, 44, -16}, 0, {-16, -16}, {133, 9, 224, 255} }},
	{{ {67, 44, 36}, 0, {-16, -16}, {137, 8, 44, 255} }},
	{{ {62, -5, 55}, 0, {-16, -16}, {240, 206, 116, 255} }},
	{{ {46, -38, 11}, 0, {-16, -16}, {14, 130, 12, 255} }},
	{{ {62, -18, -30}, 0, {-16, -16}, {246, 191, 147, 255} }},
};

Gfx mario_shell_000_offset_010_LLeg_mesh_layer_1_tri_0[] = {
	gsSPVertex(mario_shell_000_offset_010_LLeg_mesh_layer_1_vtx_0 + 0, 5, 5),
	gsSP2Triangles(1, 5, 2, 0, 1, 6, 5, 0),
	gsSP2Triangles(1, 7, 6, 0, 1, 4, 7, 0),
	gsSP2Triangles(7, 4, 0, 0, 0, 8, 7, 0),
	gsSP2Triangles(0, 9, 8, 0, 0, 3, 9, 0),
	gsSP2Triangles(9, 3, 2, 0, 2, 5, 9, 0),
	gsSPEndDisplayList(),
};

Vtx mario_shell_000_offset_011_LFoot_skinned_mesh_layer_1_vtx_0[5] = {
	{{ {62, -5, 55}, 0, {-16, -16}, {240, 206, 116, 255} }},
	{{ {67, 44, 36}, 0, {-16, -16}, {137, 8, 44, 255} }},
	{{ {46, -38, 11}, 0, {-16, -16}, {14, 130, 12, 255} }},
	{{ {62, -18, -30}, 0, {-16, -16}, {246, 191, 147, 255} }},
	{{ {67, 44, -16}, 0, {-16, -16}, {133, 9, 224, 255} }},
};

Gfx mario_shell_000_offset_011_LFoot_skinned_mesh_layer_1_tri_0[] = {
	gsSPVertex(mario_shell_000_offset_011_LFoot_skinned_mesh_layer_1_vtx_0 + 0, 5, 0),
	gsSPEndDisplayList(),
};

Vtx mario_shell_000_offset_011_LFoot_mesh_layer_1_vtx_0[6] = {
	{{ {-11, 54, 53}, 0, {-16, -16}, {163, 238, 85, 255} }},
	{{ {78, 21, 61}, 0, {-16, -16}, {37, 210, 112, 255} }},
	{{ {80, -31, 7}, 0, {-16, -16}, {74, 153, 0, 255} }},
	{{ {76, 20, -41}, 0, {-16, -16}, {40, 232, 138, 255} }},
	{{ {-12, 53, -32}, 0, {-16, -16}, {171, 227, 166, 255} }},
	{{ {-42, 65, 9}, 0, {-16, -16}, {132, 229, 2, 255} }},
};

Gfx mario_shell_000_offset_011_LFoot_mesh_layer_1_tri_0[] = {
	gsSPVertex(mario_shell_000_offset_011_LFoot_mesh_layer_1_vtx_0 + 0, 6, 5),
	gsSP2Triangles(1, 0, 5, 0, 0, 6, 5, 0),
	gsSP2Triangles(0, 7, 6, 0, 7, 0, 2, 0),
	gsSP2Triangles(2, 3, 7, 0, 7, 3, 8, 0),
	gsSP2Triangles(3, 9, 8, 0, 3, 4, 9, 0),
	gsSP2Triangles(10, 9, 4, 0, 10, 4, 1, 0),
	gsSP1Triangle(1, 5, 10, 0),
	gsSPEndDisplayList(),
};

Vtx mario_shell_000_offset_011_LFoot_mesh_layer_1_vtx_1[12] = {
	{{ {-42, 65, 9}, 0, {-16, -16}, {132, 229, 2, 255} }},
	{{ {-11, 54, 53}, 0, {-16, -16}, {163, 238, 85, 255} }},
	{{ {-8, 62, 53}, 0, {-16, -16}, {249, 95, 84, 255} }},
	{{ {81, 29, 61}, 0, {-16, -16}, {60, 58, 95, 255} }},
	{{ {78, 21, 61}, 0, {-16, -16}, {37, 210, 112, 255} }},
	{{ {113, 16, 8}, 0, {-16, -16}, {124, 25, 251, 255} }},
	{{ {110, 8, 8}, 0, {-16, -16}, {113, 199, 7, 255} }},
	{{ {79, 28, -41}, 0, {-16, -16}, {50, 56, 154, 255} }},
	{{ {76, 20, -41}, 0, {-16, -16}, {40, 232, 138, 255} }},
	{{ {-9, 61, -32}, 0, {-16, -16}, {244, 89, 167, 255} }},
	{{ {-12, 53, -32}, 0, {-16, -16}, {171, 227, 166, 255} }},
	{{ {-39, 73, 9}, 0, {-16, -16}, {190, 108, 254, 255} }},
};

Gfx mario_shell_000_offset_011_LFoot_mesh_layer_1_tri_1[] = {
	gsSPVertex(mario_shell_000_offset_011_LFoot_mesh_layer_1_vtx_1 + 0, 12, 0),
	gsSP2Triangles(0, 1, 2, 0, 1, 3, 2, 0),
	gsSP2Triangles(1, 4, 3, 0, 4, 5, 3, 0),
	gsSP2Triangles(4, 6, 5, 0, 6, 7, 5, 0),
	gsSP2Triangles(6, 8, 7, 0, 8, 9, 7, 0),
	gsSP2Triangles(8, 10, 9, 0, 10, 11, 9, 0),
	gsSP2Triangles(10, 0, 11, 0, 0, 2, 11, 0),
	gsSP2Triangles(2, 9, 11, 0, 2, 3, 9, 0),
	gsSP2Triangles(3, 7, 9, 0, 3, 5, 7, 0),
	gsSPEndDisplayList(),
};

Vtx mario_shell_000_offset_011_LFoot_mesh_layer_1_vtx_2[4] = {
	{{ {110, 8, 8}, 0, {-16, -16}, {113, 199, 7, 255} }},
	{{ {80, -31, 7}, 0, {-16, -16}, {74, 153, 0, 255} }},
	{{ {76, 20, -41}, 0, {-16, -16}, {40, 232, 138, 255} }},
	{{ {78, 21, 61}, 0, {-16, -16}, {37, 210, 112, 255} }},
};

Gfx mario_shell_000_offset_011_LFoot_mesh_layer_1_tri_2[] = {
	gsSPVertex(mario_shell_000_offset_011_LFoot_mesh_layer_1_vtx_2 + 0, 4, 0),
	gsSP2Triangles(0, 1, 2, 0, 1, 0, 3, 0),
	gsSPEndDisplayList(),
};

Vtx mario_shell_000_offset_012_RThigh_skinned_mesh_layer_1_vtx_0[4] = {
	{{ {40, 65, -63}, 0, {-16, -16}, {200, 59, 158, 255} }},
	{{ {5, -40, -90}, 0, {-16, -16}, {179, 231, 158, 255} }},
	{{ {-15, -66, 0}, 0, {-16, -16}, {132, 228, 0, 255} }},
	{{ {-32, 57, 0}, 0, {-16, -16}, {133, 30, 0, 255} }},
};

Gfx mario_shell_000_offset_012_RThigh_skinned_mesh_layer_1_tri_0[] = {
	gsSPVertex(mario_shell_000_offset_012_RThigh_skinned_mesh_layer_1_vtx_0 + 0, 4, 0),
	gsSPEndDisplayList(),
};

Vtx mario_shell_000_offset_012_RThigh_mesh_layer_1_vtx_0[5] = {
	{{ {94, -12, -50}, 0, {-16, -16}, {204, 219, 146, 255} }},
	{{ {63, 49, -32}, 0, {-16, -16}, {187, 74, 179, 255} }},
	{{ {64, 48, 16}, 0, {-16, -16}, {188, 85, 65, 255} }},
	{{ {95, -15, 30}, 0, {-16, -16}, {218, 211, 113, 255} }},
	{{ {93, -45, -10}, 0, {-16, -16}, {206, 141, 239, 255} }},
};

Gfx mario_shell_000_offset_012_RThigh_mesh_layer_1_tri_0[] = {
	gsSPVertex(mario_shell_000_offset_012_RThigh_mesh_layer_1_vtx_0 + 0, 5, 4),
	gsSP2Triangles(1, 4, 0, 0, 5, 4, 1, 0),
	gsSP2Triangles(1, 2, 5, 0, 2, 6, 5, 0),
	gsSP2Triangles(2, 3, 6, 0, 3, 7, 6, 0),
	gsSP2Triangles(8, 7, 3, 0, 8, 3, 0, 0),
	gsSP1Triangle(4, 8, 0, 0),
	gsSPEndDisplayList(),
};

Vtx mario_shell_000_offset_013_RLeg_skinned_mesh_layer_1_vtx_0[5] = {
	{{ {93, -45, -10}, 0, {-16, -16}, {206, 141, 239, 255} }},
	{{ {64, 48, 16}, 0, {-16, -16}, {188, 85, 65, 255} }},
	{{ {95, -15, 30}, 0, {-16, -16}, {218, 211, 113, 255} }},
	{{ {63, 49, -32}, 0, {-16, -16}, {187, 74, 179, 255} }},
	{{ {94, -12, -50}, 0, {-16, -16}, {204, 219, 146, 255} }},
};

Gfx mario_shell_000_offset_013_RLeg_skinned_mesh_layer_1_tri_0[] = {
	gsSPVertex(mario_shell_000_offset_013_RLeg_skinned_mesh_layer_1_vtx_0 + 0, 5, 0),
	gsSPEndDisplayList(),
};

Vtx mario_shell_000_offset_013_RLeg_mesh_layer_1_vtx_0[5] = {
	{{ {62, -18, 31}, 0, {-16, -16}, {246, 193, 110, 255} }},
	{{ {46, -38, -11}, 0, {-16, -16}, {14, 130, 244, 255} }},
	{{ {63, -5, -55}, 0, {-16, -16}, {241, 205, 141, 255} }},
	{{ {67, 44, -35}, 0, {-16, -16}, {138, 11, 211, 255} }},
	{{ {67, 44, 12}, 0, {-16, -16}, {136, 5, 40, 255} }},
};

Gfx mario_shell_000_offset_013_RLeg_mesh_layer_1_tri_0[] = {
	gsSPVertex(mario_shell_000_offset_013_RLeg_mesh_layer_1_vtx_0 + 0, 5, 5),
	gsSP2Triangles(1, 2, 5, 0, 5, 2, 0, 0),
	gsSP2Triangles(6, 5, 0, 0, 7, 6, 0, 0),
	gsSP2Triangles(0, 4, 7, 0, 7, 4, 3, 0),
	gsSP2Triangles(8, 7, 3, 0, 8, 3, 1, 0),
	gsSP2Triangles(9, 8, 1, 0, 5, 9, 1, 0),
	gsSPEndDisplayList(),
};

Vtx mario_shell_000_displaylist_005_RFoot_skinned_mesh_layer_1_vtx_0[5] = {
	{{ {67, 44, 12}, 0, {-16, -16}, {136, 5, 40, 255} }},
	{{ {62, -18, 31}, 0, {-16, -16}, {246, 193, 110, 255} }},
	{{ {67, 44, -35}, 0, {-16, -16}, {138, 11, 211, 255} }},
	{{ {63, -5, -55}, 0, {-16, -16}, {241, 205, 141, 255} }},
	{{ {46, -38, -11}, 0, {-16, -16}, {14, 130, 244, 255} }},
};

Gfx mario_shell_000_displaylist_005_RFoot_skinned_mesh_layer_1_tri_0[] = {
	gsSPVertex(mario_shell_000_displaylist_005_RFoot_skinned_mesh_layer_1_vtx_0 + 0, 5, 0),
	gsSPEndDisplayList(),
};

Vtx mario_shell_000_displaylist_005_RFoot_mesh_layer_1_vtx_0[6] = {
	{{ {-14, 54, 29}, 0, {-16, -16}, {167, 230, 87, 255} }},
	{{ {-43, 64, -12}, 0, {-16, -16}, {133, 224, 253, 255} }},
	{{ {-11, 53, -56}, 0, {-16, -16}, {165, 232, 170, 255} }},
	{{ {78, 22, -61}, 0, {-16, -16}, {39, 208, 145, 255} }},
	{{ {80, -29, -7}, 0, {-16, -16}, {76, 154, 1, 255} }},
	{{ {75, 23, 40}, 0, {-16, -16}, {56, 216, 107, 255} }},
};

Gfx mario_shell_000_displaylist_005_RFoot_mesh_layer_1_tri_0[] = {
	gsSPVertex(mario_shell_000_displaylist_005_RFoot_mesh_layer_1_vtx_0 + 0, 6, 5),
	gsSP2Triangles(5, 0, 1, 0, 0, 5, 6, 0),
	gsSP2Triangles(2, 0, 6, 0, 6, 7, 2, 0),
	gsSP2Triangles(7, 3, 2, 0, 7, 8, 3, 0),
	gsSP2Triangles(3, 8, 9, 0, 4, 3, 9, 0),
	gsSP2Triangles(9, 1, 4, 0, 1, 9, 10, 0),
	gsSP1Triangle(10, 5, 1, 0),
	gsSPEndDisplayList(),
};

Vtx mario_shell_000_displaylist_005_RFoot_mesh_layer_1_vtx_1[12] = {
	{{ {-43, 64, -12}, 0, {-16, -16}, {133, 224, 253, 255} }},
	{{ {-14, 54, 29}, 0, {-16, -16}, {167, 230, 87, 255} }},
	{{ {-11, 62, 29}, 0, {-16, -16}, {232, 92, 84, 255} }},
	{{ {78, 31, 40}, 0, {-16, -16}, {64, 44, 100, 255} }},
	{{ {75, 23, 40}, 0, {-16, -16}, {56, 216, 107, 255} }},
	{{ {112, 19, -8}, 0, {-16, -16}, {119, 41, 15, 255} }},
	{{ {110, 11, -8}, 0, {-16, -16}, {117, 206, 6, 255} }},
	{{ {81, 30, -61}, 0, {-16, -16}, {74, 49, 165, 255} }},
	{{ {78, 22, -61}, 0, {-16, -16}, {39, 208, 145, 255} }},
	{{ {-8, 61, -56}, 0, {-16, -16}, {236, 97, 177, 255} }},
	{{ {-11, 53, -56}, 0, {-16, -16}, {165, 232, 170, 255} }},
	{{ {-40, 72, -12}, 0, {-16, -16}, {186, 106, 253, 255} }},
};

Gfx mario_shell_000_displaylist_005_RFoot_mesh_layer_1_tri_1[] = {
	gsSPVertex(mario_shell_000_displaylist_005_RFoot_mesh_layer_1_vtx_1 + 0, 12, 0),
	gsSP2Triangles(0, 1, 2, 0, 1, 3, 2, 0),
	gsSP2Triangles(1, 4, 3, 0, 4, 5, 3, 0),
	gsSP2Triangles(4, 6, 5, 0, 6, 7, 5, 0),
	gsSP2Triangles(6, 8, 7, 0, 8, 9, 7, 0),
	gsSP2Triangles(8, 10, 9, 0, 10, 11, 9, 0),
	gsSP2Triangles(10, 0, 11, 0, 0, 2, 11, 0),
	gsSP2Triangles(11, 2, 9, 0, 2, 7, 9, 0),
	gsSP2Triangles(2, 3, 7, 0, 3, 5, 7, 0),
	gsSPEndDisplayList(),
};

Vtx mario_shell_000_displaylist_005_RFoot_mesh_layer_1_vtx_2[4] = {
	{{ {78, 22, -61}, 0, {-16, -16}, {39, 208, 145, 255} }},
	{{ {110, 11, -8}, 0, {-16, -16}, {117, 206, 6, 255} }},
	{{ {80, -29, -7}, 0, {-16, -16}, {76, 154, 1, 255} }},
	{{ {75, 23, 40}, 0, {-16, -16}, {56, 216, 107, 255} }},
};

Gfx mario_shell_000_displaylist_005_RFoot_mesh_layer_1_tri_2[] = {
	gsSPVertex(mario_shell_000_displaylist_005_RFoot_mesh_layer_1_vtx_2 + 0, 4, 0),
	gsSP2Triangles(0, 1, 2, 0, 2, 1, 3, 0),
	gsSPEndDisplayList(),
};


Gfx mat_mario_shell_skin_v3[] = {
	gsSPLightColor(LIGHT_1, 0xFFC500FF),
	gsSPLightColor(LIGHT_2, 0x7F6100FF),
	gsDPPipeSync(),
	gsDPSetCombineLERP(0, 0, 0, SHADE, 0, 0, 0, ENVIRONMENT, 0, 0, 0, SHADE, 0, 0, 0, ENVIRONMENT),
	gsDPSetAlphaDither(G_AD_NOISE),
	gsSPTexture(65535, 65535, 0, 0, 1),
	gsSPEndDisplayList(),
};

Gfx mat_revert_mario_shell_skin_v3[] = {
	gsDPPipeSync(),
	gsDPSetAlphaDither(G_AD_DISABLE),
	gsSPEndDisplayList(),
};

Gfx mat_mario_shell_metal_v3[] = {
	gsSPGeometryMode(0, G_LIGHTING_SPECULAR | G_TEXTURE_GEN),
	gsDPPipeSync(),
	gsDPSetCombineLERP(0, 0, 0, TEXEL0, 0, 0, 0, ENVIRONMENT, 0, 0, 0, TEXEL0, 0, 0, 0, ENVIRONMENT),
	gsDPSetAlphaDither(G_AD_NOISE),
	gsSPTexture(4032, 1984, 0, 0, 1),
	gsDPSetTextureImage(G_IM_FMT_RGBA, G_IM_SIZ_16b_LOAD_BLOCK, 1, mario_shell_metal_rgba16),
	gsDPSetTile(G_IM_FMT_RGBA, G_IM_SIZ_16b_LOAD_BLOCK, 0, 0, 7, 0, G_TX_WRAP | G_TX_NOMIRROR, 0, 0, G_TX_WRAP | G_TX_NOMIRROR, 0, 0),
	gsDPLoadBlock(7, 0, 0, 2047, 128),
	gsDPSetTile(G_IM_FMT_RGBA, G_IM_SIZ_16b, 16, 0, 0, 0, G_TX_WRAP | G_TX_NOMIRROR, 5, 0, G_TX_WRAP | G_TX_NOMIRROR, 6, 0),
	gsDPSetTileSize(0, 0, 0, 252, 124),
	gsSPEndDisplayList(),
};

Gfx mat_revert_mario_shell_metal_v3[] = {
	gsSPGeometryMode(G_LIGHTING_SPECULAR | G_TEXTURE_GEN, 0),
	gsDPPipeSync(),
	gsDPSetAlphaDither(G_AD_DISABLE),
	gsSPEndDisplayList(),
};

Gfx mat_mario_shell_hat_v3[] = {
	gsSPLightColor(LIGHT_1, 0xFFFFFFFF),
	gsSPLightColor(LIGHT_2, 0x7F7F7FFF),
	gsDPPipeSync(),
	gsDPSetCombineLERP(TEXEL0, 0, SHADE, 0, 0, 0, 0, ENVIRONMENT, TEXEL0, 0, SHADE, 0, 0, 0, 0, ENVIRONMENT),
	gsDPSetAlphaDither(G_AD_NOISE),
	gsDPSetTextureLUT(G_TT_RGBA16),
	gsSPTexture(65535, 65535, 0, 0, 1),
	gsDPSetTextureImage(G_IM_FMT_RGBA, G_IM_SIZ_16b, 1, mario_shell_koop_shell_front_rgba16_pal_rgba16),
	gsDPSetTile(0, 0, 0, 256, 5, 0, G_TX_WRAP | G_TX_NOMIRROR, 0, 0, G_TX_WRAP | G_TX_NOMIRROR, 0, 0),
	gsDPLoadTLUTCmd(5, 65),
	gsDPSetTextureImage(G_IM_FMT_CI, G_IM_SIZ_8b_LOAD_BLOCK, 1, mario_shell_koop_shell_front_rgba16_ci8),
	gsDPSetTile(G_IM_FMT_CI, G_IM_SIZ_8b_LOAD_BLOCK, 0, 0, 7, 0, G_TX_WRAP | G_TX_NOMIRROR, 0, 0, G_TX_WRAP | G_TX_NOMIRROR, 0, 0),
	gsDPLoadBlock(7, 0, 0, 511, 512),
	gsDPSetTile(G_IM_FMT_CI, G_IM_SIZ_8b, 4, 0, 0, 0, G_TX_WRAP | G_TX_MIRROR, 5, 0, G_TX_WRAP | G_TX_MIRROR, 5, 0),
	gsDPSetTileSize(0, 0, 0, 124, 124),
	gsSPEndDisplayList(),
};

Gfx mat_revert_mario_shell_hat_v3[] = {
	gsDPPipeSync(),
	gsDPSetAlphaDither(G_AD_DISABLE),
	gsDPSetTextureLUT(G_TT_NONE),
	gsSPEndDisplayList(),
};

Gfx mat_mario_shell_white_v3[] = {
	gsSPLightColor(LIGHT_1, 0xFFEEAEFF),
	gsSPLightColor(LIGHT_2, 0x7F7655FF),
	gsDPPipeSync(),
	gsDPSetCombineLERP(0, 0, 0, SHADE, 0, 0, 0, ENVIRONMENT, 0, 0, 0, SHADE, 0, 0, 0, ENVIRONMENT),
	gsDPSetAlphaDither(G_AD_NOISE),
	gsSPTexture(65535, 65535, 0, 0, 1),
	gsSPEndDisplayList(),
};

Gfx mat_revert_mario_shell_white_v3[] = {
	gsDPPipeSync(),
	gsDPSetAlphaDither(G_AD_DISABLE),
	gsSPEndDisplayList(),
};

Gfx mat_mario_shell_sideburns_v3[] = {
	gsSPLightColor(LIGHT_1, 0xFFFFFFFF),
	gsSPLightColor(LIGHT_2, 0x7F7F7FFF),
	gsDPPipeSync(),
	gsDPSetCombineLERP(TEXEL0, 0, SHADE, 0, 0, 0, 0, ENVIRONMENT, TEXEL0, 0, SHADE, 0, 0, 0, 0, ENVIRONMENT),
	gsDPSetAlphaDither(G_AD_NOISE),
	gsDPSetTextureLUT(G_TT_RGBA16),
	gsSPTexture(65535, 65535, 0, 0, 1),
	gsDPSetTextureImage(G_IM_FMT_RGBA, G_IM_SIZ_16b, 1, mario_shell_koop_shell_back_rgba16_pal_rgba16),
	gsDPSetTile(0, 0, 0, 256, 5, 0, G_TX_WRAP | G_TX_NOMIRROR, 0, 0, G_TX_WRAP | G_TX_NOMIRROR, 0, 0),
	gsDPLoadTLUTCmd(5, 134),
	gsDPSetTextureImage(G_IM_FMT_CI, G_IM_SIZ_8b_LOAD_BLOCK, 1, mario_shell_koop_shell_back_rgba16_ci8),
	gsDPSetTile(G_IM_FMT_CI, G_IM_SIZ_8b_LOAD_BLOCK, 0, 0, 7, 0, G_TX_WRAP | G_TX_NOMIRROR, 0, 0, G_TX_WRAP | G_TX_NOMIRROR, 0, 0),
	gsDPLoadBlock(7, 0, 0, 511, 512),
	gsDPSetTile(G_IM_FMT_CI, G_IM_SIZ_8b, 4, 0, 0, 0, G_TX_CLAMP | G_TX_NOMIRROR, 5, 0, G_TX_CLAMP | G_TX_NOMIRROR, 5, 0),
	gsDPSetTileSize(0, 0, 0, 124, 124),
	gsSPEndDisplayList(),
};

Gfx mat_revert_mario_shell_sideburns_v3[] = {
	gsDPPipeSync(),
	gsDPSetAlphaDither(G_AD_DISABLE),
	gsDPSetTextureLUT(G_TT_NONE),
	gsSPEndDisplayList(),
};

Gfx mat_mario_shell_moustache_v3[] = {
	gsSPLightColor(LIGHT_1, 0xFFC400FF),
	gsSPLightColor(LIGHT_2, 0x7F6000FF),
	gsDPPipeSync(),
	gsDPSetCombineLERP(TEXEL0, SHADE, TEXEL0_ALPHA, SHADE, 0, 0, 0, ENVIRONMENT, TEXEL0, SHADE, TEXEL0_ALPHA, SHADE, 0, 0, 0, ENVIRONMENT),
	gsDPSetAlphaDither(G_AD_NOISE),
	gsDPSetTextureLUT(G_TT_RGBA16),
	gsSPTexture(65535, 65535, 0, 0, 1),
	gsDPSetTextureImage(G_IM_FMT_RGBA, G_IM_SIZ_16b, 1, mario_shell_koopa_nostrils_ci8_pal_rgba16),
	gsDPSetTile(0, 0, 0, 256, 5, 0, G_TX_WRAP | G_TX_NOMIRROR, 0, 0, G_TX_WRAP | G_TX_NOMIRROR, 0, 0),
	gsDPLoadTLUTCmd(5, 18),
	gsDPSetTextureImage(G_IM_FMT_CI, G_IM_SIZ_8b_LOAD_BLOCK, 1, mario_shell_koopa_nostrils_ci8_ci8),
	gsDPSetTile(G_IM_FMT_CI, G_IM_SIZ_8b_LOAD_BLOCK, 0, 0, 7, 0, G_TX_WRAP | G_TX_NOMIRROR, 0, 0, G_TX_WRAP | G_TX_NOMIRROR, 0, 0),
	gsDPLoadBlock(7, 0, 0, 511, 512),
	gsDPSetTile(G_IM_FMT_CI, G_IM_SIZ_8b, 4, 0, 0, 0, G_TX_CLAMP | G_TX_NOMIRROR, 5, 0, G_TX_CLAMP | G_TX_NOMIRROR, 5, 0),
	gsDPSetTileSize(0, 0, 0, 124, 124),
	gsSPEndDisplayList(),
};

Gfx mat_revert_mario_shell_moustache_v3[] = {
	gsDPPipeSync(),
	gsDPSetAlphaDither(G_AD_DISABLE),
	gsDPSetTextureLUT(G_TT_NONE),
	gsSPEndDisplayList(),
};

Gfx mat_mario_shell_face_0___Open_Eyes_v3[] = {
	gsSPLightColor(LIGHT_1, 0xFFFFFFFF),
	gsSPLightColor(LIGHT_2, 0x7F7F7FFF),
	gsDPPipeSync(),
	gsDPSetCombineLERP(TEXEL0, 0, SHADE, 0, 0, 0, 0, ENVIRONMENT, TEXEL0, 0, SHADE, 0, 0, 0, 0, ENVIRONMENT),
	gsDPSetAlphaDither(G_AD_NOISE),
	gsSPTexture(65535, 65535, 0, 0, 1),
	gsDPSetTextureImage(G_IM_FMT_I, G_IM_SIZ_8b_LOAD_BLOCK, 1, mario_shell_koop_eyes_open_i8_i8),
	gsDPSetTile(G_IM_FMT_I, G_IM_SIZ_8b_LOAD_BLOCK, 0, 0, 7, 0, G_TX_WRAP | G_TX_NOMIRROR, 0, 0, G_TX_WRAP | G_TX_NOMIRROR, 0, 0),
	gsDPLoadBlock(7, 0, 0, 511, 512),
	gsDPSetTile(G_IM_FMT_I, G_IM_SIZ_8b, 4, 0, 0, 0, G_TX_CLAMP | G_TX_NOMIRROR, 5, 0, G_TX_CLAMP | G_TX_NOMIRROR, 5, 0),
	gsDPSetTileSize(0, 0, 0, 124, 124),
	gsSPEndDisplayList(),
};

Gfx mat_revert_mario_shell_face_0___Open_Eyes_v3[] = {
	gsDPPipeSync(),
	gsDPSetAlphaDither(G_AD_DISABLE),
	gsSPEndDisplayList(),
};

Gfx mat_mario_shell_face_1___Half_Eyes_v3[] = {
	gsSPLightColor(LIGHT_1, 0xFFFFFFFF),
	gsSPLightColor(LIGHT_2, 0x7F7F7FFF),
	gsDPPipeSync(),
	gsDPSetCombineLERP(TEXEL0, 0, SHADE, 0, 0, 0, 0, ENVIRONMENT, TEXEL0, 0, SHADE, 0, 0, 0, 0, ENVIRONMENT),
	gsDPSetAlphaDither(G_AD_NOISE),
	gsDPSetTextureLUT(G_TT_RGBA16),
	gsSPTexture(65535, 65535, 0, 0, 1),
	gsDPSetTextureImage(G_IM_FMT_RGBA, G_IM_SIZ_16b, 1, mario_shell_koop_eyes_closed_i8_pal_rgba16),
	gsDPSetTile(0, 0, 0, 256, 5, 0, G_TX_WRAP | G_TX_NOMIRROR, 0, 0, G_TX_WRAP | G_TX_NOMIRROR, 0, 0),
	gsDPLoadTLUTCmd(5, 23),
	gsDPSetTextureImage(G_IM_FMT_CI, G_IM_SIZ_8b_LOAD_BLOCK, 1, mario_shell_koop_eyes_closed_i8_ci8),
	gsDPSetTile(G_IM_FMT_CI, G_IM_SIZ_8b_LOAD_BLOCK, 0, 0, 7, 0, G_TX_WRAP | G_TX_NOMIRROR, 0, 0, G_TX_WRAP | G_TX_NOMIRROR, 0, 0),
	gsDPLoadBlock(7, 0, 0, 511, 512),
	gsDPSetTile(G_IM_FMT_CI, G_IM_SIZ_8b, 4, 0, 0, 0, G_TX_CLAMP | G_TX_NOMIRROR, 5, 0, G_TX_CLAMP | G_TX_NOMIRROR, 5, 0),
	gsDPSetTileSize(0, 0, 0, 124, 124),
	gsSPEndDisplayList(),
};

Gfx mat_revert_mario_shell_face_1___Half_Eyes_v3[] = {
	gsDPPipeSync(),
	gsDPSetAlphaDither(G_AD_DISABLE),
	gsDPSetTextureLUT(G_TT_NONE),
	gsSPEndDisplayList(),
};

Gfx mat_mario_shell_face_2___Closed_Eyes_v3[] = {
	gsSPLightColor(LIGHT_1, 0xFFFFFFFF),
	gsSPLightColor(LIGHT_2, 0x7F7F7FFF),
	gsDPPipeSync(),
	gsDPSetCombineLERP(TEXEL0, 0, SHADE, 0, 0, 0, 0, ENVIRONMENT, TEXEL0, 0, SHADE, 0, 0, 0, 0, ENVIRONMENT),
	gsDPSetAlphaDither(G_AD_NOISE),
	gsDPSetTextureLUT(G_TT_RGBA16),
	gsSPTexture(65535, 65535, 0, 0, 1),
	gsDPSetTextureImage(G_IM_FMT_RGBA, G_IM_SIZ_16b, 1, mario_shell_koop_eyes_closed_i8_pal_rgba16),
	gsDPSetTile(0, 0, 0, 256, 5, 0, G_TX_WRAP | G_TX_NOMIRROR, 0, 0, G_TX_WRAP | G_TX_NOMIRROR, 0, 0),
	gsDPLoadTLUTCmd(5, 23),
	gsDPSetTextureImage(G_IM_FMT_CI, G_IM_SIZ_8b_LOAD_BLOCK, 1, mario_shell_koop_eyes_closed_i8_ci8),
	gsDPSetTile(G_IM_FMT_CI, G_IM_SIZ_8b_LOAD_BLOCK, 0, 0, 7, 0, G_TX_WRAP | G_TX_NOMIRROR, 0, 0, G_TX_WRAP | G_TX_NOMIRROR, 0, 0),
	gsDPLoadBlock(7, 0, 0, 511, 512),
	gsDPSetTile(G_IM_FMT_CI, G_IM_SIZ_8b, 4, 0, 0, 0, G_TX_CLAMP | G_TX_NOMIRROR, 5, 0, G_TX_CLAMP | G_TX_NOMIRROR, 5, 0),
	gsDPSetTileSize(0, 0, 0, 124, 124),
	gsSPEndDisplayList(),
};

Gfx mat_revert_mario_shell_face_2___Closed_Eyes_v3[] = {
	gsDPPipeSync(),
	gsDPSetAlphaDither(G_AD_DISABLE),
	gsDPSetTextureLUT(G_TT_NONE),
	gsSPEndDisplayList(),
};

Gfx mat_mario_shell_face_7___Dead_Eyes_v3[] = {
	gsSPLightColor(LIGHT_1, 0xFFFFFFFF),
	gsSPLightColor(LIGHT_2, 0x7F7F7FFF),
	gsDPPipeSync(),
	gsDPSetCombineLERP(TEXEL0, 0, SHADE, 0, 0, 0, 0, ENVIRONMENT, TEXEL0, 0, SHADE, 0, 0, 0, 0, ENVIRONMENT),
	gsDPSetAlphaDither(G_AD_NOISE),
	gsSPTexture(65535, 65535, 0, 0, 1),
	gsDPSetTextureImage(G_IM_FMT_I, G_IM_SIZ_8b_LOAD_BLOCK, 1, mario_shell_koop_eyes_dead_i8_i8),
	gsDPSetTile(G_IM_FMT_I, G_IM_SIZ_8b_LOAD_BLOCK, 0, 0, 7, 0, G_TX_WRAP | G_TX_NOMIRROR, 0, 0, G_TX_WRAP | G_TX_NOMIRROR, 0, 0),
	gsDPLoadBlock(7, 0, 0, 511, 512),
	gsDPSetTile(G_IM_FMT_I, G_IM_SIZ_8b, 4, 0, 0, 0, G_TX_CLAMP | G_TX_NOMIRROR, 5, 0, G_TX_CLAMP | G_TX_NOMIRROR, 5, 0),
	gsDPSetTileSize(0, 0, 0, 124, 124),
	gsSPEndDisplayList(),
};

Gfx mat_revert_mario_shell_face_7___Dead_Eyes_v3[] = {
	gsDPPipeSync(),
	gsDPSetAlphaDither(G_AD_DISABLE),
	gsSPEndDisplayList(),
};

Gfx mat_mario_shell_hair_v3[] = {
	gsSPLightColor(LIGHT_1, 0x730600FF),
	gsSPLightColor(LIGHT_2, 0x360100FF),
	gsDPPipeSync(),
	gsDPSetCombineLERP(0, 0, 0, SHADE, 0, 0, 0, ENVIRONMENT, 0, 0, 0, SHADE, 0, 0, 0, ENVIRONMENT),
	gsDPSetAlphaDither(G_AD_NOISE),
	gsSPTexture(65535, 65535, 0, 0, 1),
	gsSPEndDisplayList(),
};

Gfx mat_revert_mario_shell_hair_v3[] = {
	gsDPPipeSync(),
	gsDPSetAlphaDither(G_AD_DISABLE),
	gsSPEndDisplayList(),
};

Gfx mat_mario_shell_wingCombined_v3[] = {
	gsSPGeometryMode(G_CULL_BACK, 0),
	gsDPPipeSync(),
	gsDPSetCombineLERP(0, 0, 0, TEXEL0, TEXEL0, 0, ENVIRONMENT, 0, 0, 0, 0, TEXEL0, TEXEL0, 0, ENVIRONMENT, 0),
	gsDPSetAlphaDither(G_AD_NOISE),
	gsSPTexture(65535, 65535, 0, 0, 1),
	gsDPSetTextureImage(G_IM_FMT_IA, G_IM_SIZ_16b, 1, mario_shell_wingCombined_ia4),
	gsDPSetTile(G_IM_FMT_IA, G_IM_SIZ_16b, 0, 0, 7, 0, G_TX_WRAP | G_TX_NOMIRROR, 0, 0, G_TX_WRAP | G_TX_NOMIRROR, 0, 0),
	gsDPLoadBlock(7, 0, 0, 1023, 512),
	gsDPSetTile(G_IM_FMT_IA, G_IM_SIZ_4b, 4, 0, 0, 0, G_TX_CLAMP | G_TX_NOMIRROR, 6, 0, G_TX_CLAMP | G_TX_NOMIRROR, 6, 0),
	gsDPSetTileSize(0, 0, 0, 252, 252),
	gsSPEndDisplayList(),
};

Gfx mat_revert_mario_shell_wingCombined_v3[] = {
	gsSPGeometryMode(0, G_CULL_BACK),
	gsDPPipeSync(),
	gsDPSetAlphaDither(G_AD_DISABLE),
	gsSPEndDisplayList(),
};

Gfx mat_mario_shell_shoes_v3[] = {
	gsSPLightColor(LIGHT_1, 0x51FF1BFF),
	gsSPLightColor(LIGHT_2, 0x247F08FF),
	gsDPPipeSync(),
	gsDPSetCombineLERP(0, 0, 0, SHADE, 0, 0, 0, ENVIRONMENT, 0, 0, 0, SHADE, 0, 0, 0, ENVIRONMENT),
	gsDPSetAlphaDither(G_AD_NOISE),
	gsSPTexture(65535, 65535, 0, 0, 1),
	gsSPEndDisplayList(),
};

Gfx mat_revert_mario_shell_shoes_v3[] = {
	gsDPPipeSync(),
	gsDPSetAlphaDither(G_AD_DISABLE),
	gsSPEndDisplayList(),
};

Gfx mario_shell_000_offset_bottom_mesh_layer_1[] = {
	gsSPDisplayList(mat_mario_shell_skin_v3),
	gsSPDisplayList(mario_shell_000_offset_bottom_mesh_layer_1_tri_0),
	gsSPDisplayList(mat_revert_mario_shell_skin_v3),
	gsSPEndDisplayList(),
};

Gfx mario_shell_000_offset_bottom_mesh_layer_1_mat_override_metal_v3_0[] = {
	gsSPDisplayList(mat_mario_shell_metal_v3),
	gsSPDisplayList(mario_shell_000_offset_bottom_mesh_layer_1_tri_0),
	gsSPDisplayList(mat_revert_mario_shell_metal_v3),
	gsSPEndDisplayList(),
};

Gfx mario_shell_000_offset_001_Chest_skinned_mesh_layer_1[] = {
	gsSPDisplayList(mat_mario_shell_skin_v3),
	gsSPDisplayList(mario_shell_000_offset_001_Chest_skinned_mesh_layer_1_tri_0),
	gsSPDisplayList(mat_revert_mario_shell_skin_v3),
	gsSPEndDisplayList(),
};

Gfx mario_shell_000_offset_001_Chest_skinned_mesh_layer_1_mat_override_metal_v3_0[] = {
	gsSPDisplayList(mat_mario_shell_metal_v3),
	gsSPDisplayList(mario_shell_000_offset_001_Chest_skinned_mesh_layer_1_tri_0),
	gsSPDisplayList(mat_revert_mario_shell_metal_v3),
	gsSPEndDisplayList(),
};

Gfx mario_shell_000_offset_001_Chest_mesh_layer_1[] = {
	gsSPDisplayList(mat_mario_shell_skin_v3),
	gsSPDisplayList(mario_shell_000_offset_001_Chest_mesh_layer_1_tri_0),
	gsSPDisplayList(mario_shell_000_offset_001_Chest_mesh_layer_1_tri_1),
	gsSPDisplayList(mat_revert_mario_shell_skin_v3),
	gsSPDisplayList(mat_mario_shell_hat_v3),
	gsSPDisplayList(mario_shell_000_offset_001_Chest_mesh_layer_1_tri_2),
	gsSPDisplayList(mat_revert_mario_shell_hat_v3),
	gsSPDisplayList(mat_mario_shell_white_v3),
	gsSPDisplayList(mario_shell_000_offset_001_Chest_mesh_layer_1_tri_3),
	gsSPDisplayList(mat_revert_mario_shell_white_v3),
	gsSPDisplayList(mat_mario_shell_sideburns_v3),
	gsSPDisplayList(mario_shell_000_offset_001_Chest_mesh_layer_1_tri_4),
	gsSPDisplayList(mat_revert_mario_shell_sideburns_v3),
	gsSPEndDisplayList(),
};

Gfx mario_shell_000_offset_001_Chest_mesh_layer_1_mat_override_metal_v3_0[] = {
	gsSPDisplayList(mat_mario_shell_metal_v3),
	gsSPDisplayList(mario_shell_000_offset_001_Chest_mesh_layer_1_tri_0),
	gsSPDisplayList(mario_shell_000_offset_001_Chest_mesh_layer_1_tri_1),
	gsSPDisplayList(mario_shell_000_offset_001_Chest_mesh_layer_1_tri_2),
	gsSPDisplayList(mario_shell_000_offset_001_Chest_mesh_layer_1_tri_3),
	gsSPDisplayList(mario_shell_000_offset_001_Chest_mesh_layer_1_tri_4),
	gsSPDisplayList(mat_revert_mario_shell_metal_v3),
	gsSPEndDisplayList(),
};

Gfx mario_shell_000_displaylist_Head_mesh_layer_1[] = {
	gsSPDisplayList(mat_mario_shell_skin_v3),
	gsSPDisplayList(mario_shell_000_displaylist_Head_mesh_layer_1_tri_0),
	gsSPDisplayList(mat_revert_mario_shell_skin_v3),
	gsSPDisplayList(mat_mario_shell_moustache_v3),
	gsSPDisplayList(mario_shell_000_displaylist_Head_mesh_layer_1_tri_1),
	gsSPDisplayList(mat_revert_mario_shell_moustache_v3),
	gsSPDisplayList(mat_mario_shell_face_0___Open_Eyes_v3),
	gsSPDisplayList(mario_shell_000_displaylist_Head_mesh_layer_1_tri_2),
	gsSPDisplayList(mat_revert_mario_shell_face_0___Open_Eyes_v3),
	gsSPEndDisplayList(),
};

Gfx mario_shell_000_displaylist_Head_mesh_layer_1_mat_override_metal_v3_0[] = {
	gsSPDisplayList(mat_mario_shell_metal_v3),
	gsSPDisplayList(mario_shell_000_displaylist_Head_mesh_layer_1_tri_0),
	gsSPDisplayList(mario_shell_000_displaylist_Head_mesh_layer_1_tri_1),
	gsSPDisplayList(mario_shell_000_displaylist_Head_mesh_layer_1_tri_2),
	gsSPDisplayList(mat_revert_mario_shell_metal_v3),
	gsSPEndDisplayList(),
};

Gfx mario_shell_000_displaylist_Head_mesh_layer_1_mat_override_face_1___Half_Eyes_v3_1[] = {
	gsSPDisplayList(mat_mario_shell_skin_v3),
	gsSPDisplayList(mario_shell_000_displaylist_Head_mesh_layer_1_tri_0),
	gsSPDisplayList(mat_revert_mario_shell_skin_v3),
	gsSPDisplayList(mat_mario_shell_moustache_v3),
	gsSPDisplayList(mario_shell_000_displaylist_Head_mesh_layer_1_tri_1),
	gsSPDisplayList(mat_revert_mario_shell_moustache_v3),
	gsSPDisplayList(mat_mario_shell_face_1___Half_Eyes_v3),
	gsSPDisplayList(mario_shell_000_displaylist_Head_mesh_layer_1_tri_2),
	gsSPDisplayList(mat_revert_mario_shell_face_1___Half_Eyes_v3),
	gsSPEndDisplayList(),
};

Gfx mario_shell_000_displaylist_Head_mesh_layer_1_mat_override_face_2___Closed_Eyes_v3_2[] = {
	gsSPDisplayList(mat_mario_shell_skin_v3),
	gsSPDisplayList(mario_shell_000_displaylist_Head_mesh_layer_1_tri_0),
	gsSPDisplayList(mat_revert_mario_shell_skin_v3),
	gsSPDisplayList(mat_mario_shell_moustache_v3),
	gsSPDisplayList(mario_shell_000_displaylist_Head_mesh_layer_1_tri_1),
	gsSPDisplayList(mat_revert_mario_shell_moustache_v3),
	gsSPDisplayList(mat_mario_shell_face_2___Closed_Eyes_v3),
	gsSPDisplayList(mario_shell_000_displaylist_Head_mesh_layer_1_tri_2),
	gsSPDisplayList(mat_revert_mario_shell_face_2___Closed_Eyes_v3),
	gsSPEndDisplayList(),
};

Gfx mario_shell_000_displaylist_Head_mesh_layer_1_mat_override_face_2___Closed_Eyes_v3_3[] = {
	gsSPDisplayList(mat_mario_shell_skin_v3),
	gsSPDisplayList(mario_shell_000_displaylist_Head_mesh_layer_1_tri_0),
	gsSPDisplayList(mat_revert_mario_shell_skin_v3),
	gsSPDisplayList(mat_mario_shell_moustache_v3),
	gsSPDisplayList(mario_shell_000_displaylist_Head_mesh_layer_1_tri_1),
	gsSPDisplayList(mat_revert_mario_shell_moustache_v3),
	gsSPDisplayList(mat_mario_shell_face_2___Closed_Eyes_v3),
	gsSPDisplayList(mario_shell_000_displaylist_Head_mesh_layer_1_tri_2),
	gsSPDisplayList(mat_revert_mario_shell_face_2___Closed_Eyes_v3),
	gsSPEndDisplayList(),
};

Gfx mario_shell_000_displaylist_Head_mesh_layer_1_mat_override_face_7___Dead_Eyes_v3_4[] = {
	gsSPDisplayList(mat_mario_shell_skin_v3),
	gsSPDisplayList(mario_shell_000_displaylist_Head_mesh_layer_1_tri_0),
	gsSPDisplayList(mat_revert_mario_shell_skin_v3),
	gsSPDisplayList(mat_mario_shell_moustache_v3),
	gsSPDisplayList(mario_shell_000_displaylist_Head_mesh_layer_1_tri_1),
	gsSPDisplayList(mat_revert_mario_shell_moustache_v3),
	gsSPDisplayList(mat_mario_shell_face_7___Dead_Eyes_v3),
	gsSPDisplayList(mario_shell_000_displaylist_Head_mesh_layer_1_tri_2),
	gsSPDisplayList(mat_revert_mario_shell_face_7___Dead_Eyes_v3),
	gsSPEndDisplayList(),
};

Gfx mario_shell_switchboneHead_displaylistbone_mesh_layer_1[] = {
	gsSPDisplayList(mat_mario_shell_hair_v3),
	gsSPDisplayList(mario_shell_switchboneHead_displaylistbone_mesh_layer_1_tri_0),
	gsSPDisplayList(mat_revert_mario_shell_hair_v3),
	gsSPDisplayList(mat_mario_shell_sideburns_v3),
	gsSPDisplayList(mario_shell_switchboneHead_displaylistbone_mesh_layer_1_tri_1),
	gsSPDisplayList(mat_revert_mario_shell_sideburns_v3),
	gsSPDisplayList(mat_mario_shell_face_0___Open_Eyes_v3),
	gsSPDisplayList(mario_shell_switchboneHead_displaylistbone_mesh_layer_1_tri_2),
	gsSPDisplayList(mat_revert_mario_shell_face_0___Open_Eyes_v3),
	gsSPDisplayList(mat_mario_shell_skin_v3),
	gsSPDisplayList(mario_shell_switchboneHead_displaylistbone_mesh_layer_1_tri_3),
	gsSPDisplayList(mat_revert_mario_shell_skin_v3),
	gsSPDisplayList(mat_mario_shell_moustache_v3),
	gsSPDisplayList(mario_shell_switchboneHead_displaylistbone_mesh_layer_1_tri_4),
	gsSPDisplayList(mat_revert_mario_shell_moustache_v3),
	gsSPEndDisplayList(),
};

Gfx mario_shell_switchboneHead_displaylistbone_mesh_layer_1_mat_override_metal_v3_0[] = {
	gsSPDisplayList(mat_mario_shell_metal_v3),
	gsSPDisplayList(mario_shell_switchboneHead_displaylistbone_mesh_layer_1_tri_0),
	gsSPDisplayList(mario_shell_switchboneHead_displaylistbone_mesh_layer_1_tri_1),
	gsSPDisplayList(mario_shell_switchboneHead_displaylistbone_mesh_layer_1_tri_2),
	gsSPDisplayList(mario_shell_switchboneHead_displaylistbone_mesh_layer_1_tri_3),
	gsSPDisplayList(mario_shell_switchboneHead_displaylistbone_mesh_layer_1_tri_4),
	gsSPDisplayList(mat_revert_mario_shell_metal_v3),
	gsSPEndDisplayList(),
};

Gfx mario_shell_switchboneHead_displaylistbone_mesh_layer_1_mat_override_face_1___Half_Eyes_v3_1[] = {
	gsSPDisplayList(mat_mario_shell_hair_v3),
	gsSPDisplayList(mario_shell_switchboneHead_displaylistbone_mesh_layer_1_tri_0),
	gsSPDisplayList(mat_revert_mario_shell_hair_v3),
	gsSPDisplayList(mat_mario_shell_sideburns_v3),
	gsSPDisplayList(mario_shell_switchboneHead_displaylistbone_mesh_layer_1_tri_1),
	gsSPDisplayList(mat_revert_mario_shell_sideburns_v3),
	gsSPDisplayList(mat_mario_shell_face_1___Half_Eyes_v3),
	gsSPDisplayList(mario_shell_switchboneHead_displaylistbone_mesh_layer_1_tri_2),
	gsSPDisplayList(mat_revert_mario_shell_face_1___Half_Eyes_v3),
	gsSPDisplayList(mat_mario_shell_skin_v3),
	gsSPDisplayList(mario_shell_switchboneHead_displaylistbone_mesh_layer_1_tri_3),
	gsSPDisplayList(mat_revert_mario_shell_skin_v3),
	gsSPDisplayList(mat_mario_shell_moustache_v3),
	gsSPDisplayList(mario_shell_switchboneHead_displaylistbone_mesh_layer_1_tri_4),
	gsSPDisplayList(mat_revert_mario_shell_moustache_v3),
	gsSPEndDisplayList(),
};

Gfx mario_shell_switchboneHead_displaylistbone_mesh_layer_1_mat_override_face_2___Closed_Eyes_v3_2[] = {
	gsSPDisplayList(mat_mario_shell_hair_v3),
	gsSPDisplayList(mario_shell_switchboneHead_displaylistbone_mesh_layer_1_tri_0),
	gsSPDisplayList(mat_revert_mario_shell_hair_v3),
	gsSPDisplayList(mat_mario_shell_sideburns_v3),
	gsSPDisplayList(mario_shell_switchboneHead_displaylistbone_mesh_layer_1_tri_1),
	gsSPDisplayList(mat_revert_mario_shell_sideburns_v3),
	gsSPDisplayList(mat_mario_shell_face_2___Closed_Eyes_v3),
	gsSPDisplayList(mario_shell_switchboneHead_displaylistbone_mesh_layer_1_tri_2),
	gsSPDisplayList(mat_revert_mario_shell_face_2___Closed_Eyes_v3),
	gsSPDisplayList(mat_mario_shell_skin_v3),
	gsSPDisplayList(mario_shell_switchboneHead_displaylistbone_mesh_layer_1_tri_3),
	gsSPDisplayList(mat_revert_mario_shell_skin_v3),
	gsSPDisplayList(mat_mario_shell_moustache_v3),
	gsSPDisplayList(mario_shell_switchboneHead_displaylistbone_mesh_layer_1_tri_4),
	gsSPDisplayList(mat_revert_mario_shell_moustache_v3),
	gsSPEndDisplayList(),
};

Gfx mario_shell_switchboneHead_displaylistbone_mesh_layer_1_mat_override_face_2___Closed_Eyes_v3_3[] = {
	gsSPDisplayList(mat_mario_shell_hair_v3),
	gsSPDisplayList(mario_shell_switchboneHead_displaylistbone_mesh_layer_1_tri_0),
	gsSPDisplayList(mat_revert_mario_shell_hair_v3),
	gsSPDisplayList(mat_mario_shell_sideburns_v3),
	gsSPDisplayList(mario_shell_switchboneHead_displaylistbone_mesh_layer_1_tri_1),
	gsSPDisplayList(mat_revert_mario_shell_sideburns_v3),
	gsSPDisplayList(mat_mario_shell_face_2___Closed_Eyes_v3),
	gsSPDisplayList(mario_shell_switchboneHead_displaylistbone_mesh_layer_1_tri_2),
	gsSPDisplayList(mat_revert_mario_shell_face_2___Closed_Eyes_v3),
	gsSPDisplayList(mat_mario_shell_skin_v3),
	gsSPDisplayList(mario_shell_switchboneHead_displaylistbone_mesh_layer_1_tri_3),
	gsSPDisplayList(mat_revert_mario_shell_skin_v3),
	gsSPDisplayList(mat_mario_shell_moustache_v3),
	gsSPDisplayList(mario_shell_switchboneHead_displaylistbone_mesh_layer_1_tri_4),
	gsSPDisplayList(mat_revert_mario_shell_moustache_v3),
	gsSPEndDisplayList(),
};

Gfx mario_shell_switchboneHead_displaylistbone_mesh_layer_1_mat_override_face_7___Dead_Eyes_v3_4[] = {
	gsSPDisplayList(mat_mario_shell_hair_v3),
	gsSPDisplayList(mario_shell_switchboneHead_displaylistbone_mesh_layer_1_tri_0),
	gsSPDisplayList(mat_revert_mario_shell_hair_v3),
	gsSPDisplayList(mat_mario_shell_sideburns_v3),
	gsSPDisplayList(mario_shell_switchboneHead_displaylistbone_mesh_layer_1_tri_1),
	gsSPDisplayList(mat_revert_mario_shell_sideburns_v3),
	gsSPDisplayList(mat_mario_shell_face_7___Dead_Eyes_v3),
	gsSPDisplayList(mario_shell_switchboneHead_displaylistbone_mesh_layer_1_tri_2),
	gsSPDisplayList(mat_revert_mario_shell_face_7___Dead_Eyes_v3),
	gsSPDisplayList(mat_mario_shell_skin_v3),
	gsSPDisplayList(mario_shell_switchboneHead_displaylistbone_mesh_layer_1_tri_3),
	gsSPDisplayList(mat_revert_mario_shell_skin_v3),
	gsSPDisplayList(mat_mario_shell_moustache_v3),
	gsSPDisplayList(mario_shell_switchboneHead_displaylistbone_mesh_layer_1_tri_4),
	gsSPDisplayList(mat_revert_mario_shell_moustache_v3),
	gsSPEndDisplayList(),
};

Gfx mario_shell_000_displaylist_001_RWing_mesh_layer_4[] = {
	gsSPDisplayList(mat_mario_shell_wingCombined_v3),
	gsSPDisplayList(mario_shell_000_displaylist_001_RWing_mesh_layer_4_tri_0),
	gsSPDisplayList(mat_revert_mario_shell_wingCombined_v3),
	gsSPEndDisplayList(),
};

Gfx mario_shell_000_displaylist_001_RWing_mesh_layer_4_mat_override_metal_v3_0[] = {
	gsSPDisplayList(mat_mario_shell_metal_v3),
	gsSPDisplayList(mario_shell_000_displaylist_001_RWing_mesh_layer_4_tri_0),
	gsSPDisplayList(mat_revert_mario_shell_metal_v3),
	gsSPEndDisplayList(),
};

Gfx mario_shell_000_displaylist_002_LWing_mesh_layer_4[] = {
	gsSPDisplayList(mat_mario_shell_wingCombined_v3),
	gsSPDisplayList(mario_shell_000_displaylist_002_LWing_mesh_layer_4_tri_0),
	gsSPDisplayList(mat_revert_mario_shell_wingCombined_v3),
	gsSPEndDisplayList(),
};

Gfx mario_shell_000_displaylist_002_LWing_mesh_layer_4_mat_override_metal_v3_0[] = {
	gsSPDisplayList(mat_mario_shell_metal_v3),
	gsSPDisplayList(mario_shell_000_displaylist_002_LWing_mesh_layer_4_tri_0),
	gsSPDisplayList(mat_revert_mario_shell_metal_v3),
	gsSPEndDisplayList(),
};

Gfx mario_shell_000_offset_003_LShoulder_skinned_mesh_layer_1[] = {
	gsSPDisplayList(mat_mario_shell_skin_v3),
	gsSPDisplayList(mario_shell_000_offset_003_LShoulder_skinned_mesh_layer_1_tri_0),
	gsSPDisplayList(mat_revert_mario_shell_skin_v3),
	gsSPEndDisplayList(),
};

Gfx mario_shell_000_offset_003_LShoulder_skinned_mesh_layer_1_mat_override_metal_v3_0[] = {
	gsSPDisplayList(mat_mario_shell_metal_v3),
	gsSPDisplayList(mario_shell_000_offset_003_LShoulder_skinned_mesh_layer_1_tri_0),
	gsSPDisplayList(mat_revert_mario_shell_metal_v3),
	gsSPEndDisplayList(),
};

Gfx mario_shell_000_offset_003_LShoulder_mesh_layer_1[] = {
	gsSPDisplayList(mat_mario_shell_skin_v3),
	gsSPDisplayList(mario_shell_000_offset_003_LShoulder_mesh_layer_1_tri_0),
	gsSPDisplayList(mario_shell_000_offset_003_LShoulder_mesh_layer_1_tri_1),
	gsSPDisplayList(mat_revert_mario_shell_skin_v3),
	gsSPEndDisplayList(),
};

Gfx mario_shell_000_offset_003_LShoulder_mesh_layer_1_mat_override_metal_v3_0[] = {
	gsSPDisplayList(mat_mario_shell_metal_v3),
	gsSPDisplayList(mario_shell_000_offset_003_LShoulder_mesh_layer_1_tri_0),
	gsSPDisplayList(mario_shell_000_offset_003_LShoulder_mesh_layer_1_tri_1),
	gsSPDisplayList(mat_revert_mario_shell_metal_v3),
	gsSPEndDisplayList(),
};

Gfx mario_shell_000_offset_004_LArm_skinned_mesh_layer_1[] = {
	gsSPDisplayList(mat_mario_shell_skin_v3),
	gsSPDisplayList(mario_shell_000_offset_004_LArm_skinned_mesh_layer_1_tri_0),
	gsSPDisplayList(mat_revert_mario_shell_skin_v3),
	gsSPEndDisplayList(),
};

Gfx mario_shell_000_offset_004_LArm_skinned_mesh_layer_1_mat_override_metal_v3_0[] = {
	gsSPDisplayList(mat_mario_shell_metal_v3),
	gsSPDisplayList(mario_shell_000_offset_004_LArm_skinned_mesh_layer_1_tri_0),
	gsSPDisplayList(mat_revert_mario_shell_metal_v3),
	gsSPEndDisplayList(),
};

Gfx mario_shell_000_offset_004_LArm_mesh_layer_1[] = {
	gsSPDisplayList(mat_mario_shell_skin_v3),
	gsSPDisplayList(mario_shell_000_offset_004_LArm_mesh_layer_1_tri_0),
	gsSPDisplayList(mat_revert_mario_shell_skin_v3),
	gsSPEndDisplayList(),
};

Gfx mario_shell_000_offset_004_LArm_mesh_layer_1_mat_override_metal_v3_0[] = {
	gsSPDisplayList(mat_mario_shell_metal_v3),
	gsSPDisplayList(mario_shell_000_offset_004_LArm_mesh_layer_1_tri_0),
	gsSPDisplayList(mat_revert_mario_shell_metal_v3),
	gsSPEndDisplayList(),
};

Gfx mario_shell_000_offset_005_LHand_skinned_mesh_layer_1[] = {
	gsSPDisplayList(mat_mario_shell_white_v3),
	gsSPDisplayList(mario_shell_000_offset_005_LHand_skinned_mesh_layer_1_tri_0),
	gsSPDisplayList(mat_revert_mario_shell_white_v3),
	gsSPEndDisplayList(),
};

Gfx mario_shell_000_offset_005_LHand_skinned_mesh_layer_1_mat_override_metal_v3_0[] = {
	gsSPDisplayList(mat_mario_shell_metal_v3),
	gsSPDisplayList(mario_shell_000_offset_005_LHand_skinned_mesh_layer_1_tri_0),
	gsSPDisplayList(mat_revert_mario_shell_metal_v3),
	gsSPEndDisplayList(),
};

Gfx mario_shell_000_offset_005_LHand_mesh_layer_1[] = {
	gsSPDisplayList(mat_mario_shell_white_v3),
	gsSPDisplayList(mario_shell_000_offset_005_LHand_mesh_layer_1_tri_0),
	gsSPDisplayList(mario_shell_000_offset_005_LHand_mesh_layer_1_tri_1),
	gsSPDisplayList(mat_revert_mario_shell_white_v3),
	gsSPEndDisplayList(),
};

Gfx mario_shell_000_offset_005_LHand_mesh_layer_1_mat_override_metal_v3_0[] = {
	gsSPDisplayList(mat_mario_shell_metal_v3),
	gsSPDisplayList(mario_shell_000_offset_005_LHand_mesh_layer_1_tri_0),
	gsSPDisplayList(mario_shell_000_offset_005_LHand_mesh_layer_1_tri_1),
	gsSPDisplayList(mat_revert_mario_shell_metal_v3),
	gsSPEndDisplayList(),
};

Gfx mario_shell_000_displaylist_003_LHand_mesh_layer_1[] = {
	gsSPDisplayList(mat_mario_shell_white_v3),
	gsSPDisplayList(mario_shell_000_displaylist_003_LHand_mesh_layer_1_tri_0),
	gsSPDisplayList(mat_revert_mario_shell_white_v3),
	gsSPEndDisplayList(),
};

Gfx mario_shell_000_displaylist_003_LHand_mesh_layer_1_mat_override_metal_v3_0[] = {
	gsSPDisplayList(mat_mario_shell_metal_v3),
	gsSPDisplayList(mario_shell_000_displaylist_003_LHand_mesh_layer_1_tri_0),
	gsSPDisplayList(mat_revert_mario_shell_metal_v3),
	gsSPEndDisplayList(),
};

Gfx mario_shell_002_switch_option_LOPEN_000_displaylistOption1_LOPEN_mesh_layer_1[] = {
	gsSPDisplayList(mat_mario_shell_white_v3),
	gsSPDisplayList(mario_shell_002_switch_option_LOPEN_000_displaylistOption1_LOPEN_mesh_layer_1_tri_0),
	gsSPDisplayList(mat_revert_mario_shell_white_v3),
	gsSPEndDisplayList(),
};

Gfx mario_shell_002_switch_option_LOPEN_000_displaylistOption1_LOPEN_mesh_layer_1_mat_override_metal_v3_0[] = {
	gsSPDisplayList(mat_mario_shell_metal_v3),
	gsSPDisplayList(mario_shell_002_switch_option_LOPEN_000_displaylistOption1_LOPEN_mesh_layer_1_tri_0),
	gsSPDisplayList(mat_revert_mario_shell_metal_v3),
	gsSPEndDisplayList(),
};

Gfx mario_shell_000_offset_006_Rshoulder_skinned_mesh_layer_1[] = {
	gsSPDisplayList(mat_mario_shell_skin_v3),
	gsSPDisplayList(mario_shell_000_offset_006_Rshoulder_skinned_mesh_layer_1_tri_0),
	gsSPDisplayList(mat_revert_mario_shell_skin_v3),
	gsSPEndDisplayList(),
};

Gfx mario_shell_000_offset_006_Rshoulder_skinned_mesh_layer_1_mat_override_metal_v3_0[] = {
	gsSPDisplayList(mat_mario_shell_metal_v3),
	gsSPDisplayList(mario_shell_000_offset_006_Rshoulder_skinned_mesh_layer_1_tri_0),
	gsSPDisplayList(mat_revert_mario_shell_metal_v3),
	gsSPEndDisplayList(),
};

Gfx mario_shell_000_offset_006_Rshoulder_mesh_layer_1[] = {
	gsSPDisplayList(mat_mario_shell_skin_v3),
	gsSPDisplayList(mario_shell_000_offset_006_Rshoulder_mesh_layer_1_tri_0),
	gsSPDisplayList(mario_shell_000_offset_006_Rshoulder_mesh_layer_1_tri_1),
	gsSPDisplayList(mat_revert_mario_shell_skin_v3),
	gsSPEndDisplayList(),
};

Gfx mario_shell_000_offset_006_Rshoulder_mesh_layer_1_mat_override_metal_v3_0[] = {
	gsSPDisplayList(mat_mario_shell_metal_v3),
	gsSPDisplayList(mario_shell_000_offset_006_Rshoulder_mesh_layer_1_tri_0),
	gsSPDisplayList(mario_shell_000_offset_006_Rshoulder_mesh_layer_1_tri_1),
	gsSPDisplayList(mat_revert_mario_shell_metal_v3),
	gsSPEndDisplayList(),
};

Gfx mario_shell_000_offset_007_RArm_skinned_mesh_layer_1[] = {
	gsSPDisplayList(mat_mario_shell_skin_v3),
	gsSPDisplayList(mario_shell_000_offset_007_RArm_skinned_mesh_layer_1_tri_0),
	gsSPDisplayList(mat_revert_mario_shell_skin_v3),
	gsSPEndDisplayList(),
};

Gfx mario_shell_000_offset_007_RArm_skinned_mesh_layer_1_mat_override_metal_v3_0[] = {
	gsSPDisplayList(mat_mario_shell_metal_v3),
	gsSPDisplayList(mario_shell_000_offset_007_RArm_skinned_mesh_layer_1_tri_0),
	gsSPDisplayList(mat_revert_mario_shell_metal_v3),
	gsSPEndDisplayList(),
};

Gfx mario_shell_000_offset_007_RArm_mesh_layer_1[] = {
	gsSPDisplayList(mat_mario_shell_skin_v3),
	gsSPDisplayList(mario_shell_000_offset_007_RArm_mesh_layer_1_tri_0),
	gsSPDisplayList(mat_revert_mario_shell_skin_v3),
	gsSPEndDisplayList(),
};

Gfx mario_shell_000_offset_007_RArm_mesh_layer_1_mat_override_metal_v3_0[] = {
	gsSPDisplayList(mat_mario_shell_metal_v3),
	gsSPDisplayList(mario_shell_000_offset_007_RArm_mesh_layer_1_tri_0),
	gsSPDisplayList(mat_revert_mario_shell_metal_v3),
	gsSPEndDisplayList(),
};

Gfx mario_shell_000_offset_008_RHand_skinned_mesh_layer_1[] = {
	gsSPDisplayList(mat_mario_shell_white_v3),
	gsSPDisplayList(mario_shell_000_offset_008_RHand_skinned_mesh_layer_1_tri_0),
	gsSPDisplayList(mat_revert_mario_shell_white_v3),
	gsSPEndDisplayList(),
};

Gfx mario_shell_000_offset_008_RHand_skinned_mesh_layer_1_mat_override_metal_v3_0[] = {
	gsSPDisplayList(mat_mario_shell_metal_v3),
	gsSPDisplayList(mario_shell_000_offset_008_RHand_skinned_mesh_layer_1_tri_0),
	gsSPDisplayList(mat_revert_mario_shell_metal_v3),
	gsSPEndDisplayList(),
};

Gfx mario_shell_000_offset_008_RHand_mesh_layer_1[] = {
	gsSPDisplayList(mat_mario_shell_white_v3),
	gsSPDisplayList(mario_shell_000_offset_008_RHand_mesh_layer_1_tri_0),
	gsSPDisplayList(mario_shell_000_offset_008_RHand_mesh_layer_1_tri_1),
	gsSPDisplayList(mat_revert_mario_shell_white_v3),
	gsSPEndDisplayList(),
};

Gfx mario_shell_000_offset_008_RHand_mesh_layer_1_mat_override_metal_v3_0[] = {
	gsSPDisplayList(mat_mario_shell_metal_v3),
	gsSPDisplayList(mario_shell_000_offset_008_RHand_mesh_layer_1_tri_0),
	gsSPDisplayList(mario_shell_000_offset_008_RHand_mesh_layer_1_tri_1),
	gsSPDisplayList(mat_revert_mario_shell_metal_v3),
	gsSPEndDisplayList(),
};

Gfx mario_shell_000_displaylist_004_Rhand_mesh_layer_1[] = {
	gsSPDisplayList(mat_mario_shell_white_v3),
	gsSPDisplayList(mario_shell_000_displaylist_004_Rhand_mesh_layer_1_tri_0),
	gsSPDisplayList(mat_revert_mario_shell_white_v3),
	gsSPEndDisplayList(),
};

Gfx mario_shell_000_displaylist_004_Rhand_mesh_layer_1_mat_override_metal_v3_0[] = {
	gsSPDisplayList(mat_mario_shell_metal_v3),
	gsSPDisplayList(mario_shell_000_displaylist_004_Rhand_mesh_layer_1_tri_0),
	gsSPDisplayList(mat_revert_mario_shell_metal_v3),
	gsSPEndDisplayList(),
};

Gfx mario_shell_002_switch_option_LHandOption1_000_displaylist_003__ROPEN_mesh_layer_1[] = {
	gsSPDisplayList(mat_mario_shell_white_v3),
	gsSPDisplayList(mario_shell_002_switch_option_LHandOption1_000_displaylist_003__ROPEN_mesh_layer_1_tri_0),
	gsSPDisplayList(mat_revert_mario_shell_white_v3),
	gsSPEndDisplayList(),
};

Gfx mario_shell_002_switch_option_LHandOption1_000_displaylist_003__ROPEN_mesh_layer_1_mat_override_metal_v3_0[] = {
	gsSPDisplayList(mat_mario_shell_metal_v3),
	gsSPDisplayList(mario_shell_002_switch_option_LHandOption1_000_displaylist_003__ROPEN_mesh_layer_1_tri_0),
	gsSPDisplayList(mat_revert_mario_shell_metal_v3),
	gsSPEndDisplayList(),
};

Gfx mario_shell_002_switch_option_RPEACE_000_displaylist_003__RPEACE_mesh_layer_1[] = {
	gsSPDisplayList(mat_mario_shell_white_v3),
	gsSPDisplayList(mario_shell_002_switch_option_RPEACE_000_displaylist_003__RPEACE_mesh_layer_1_tri_0),
	gsSPDisplayList(mat_revert_mario_shell_white_v3),
	gsSPEndDisplayList(),
};

Gfx mario_shell_002_switch_option_RPEACE_000_displaylist_003__RPEACE_mesh_layer_1_mat_override_metal_v3_0[] = {
	gsSPDisplayList(mat_mario_shell_metal_v3),
	gsSPDisplayList(mario_shell_002_switch_option_RPEACE_000_displaylist_003__RPEACE_mesh_layer_1_tri_0),
	gsSPDisplayList(mat_revert_mario_shell_metal_v3),
	gsSPEndDisplayList(),
};

Gfx mario_shell_002_switch_option_RCAP_000_displaylist_003_RCAP_mesh_layer_1[] = {
	gsSPDisplayList(mat_mario_shell_hat_v3),
	gsSPDisplayList(mario_shell_002_switch_option_RCAP_000_displaylist_003_RCAP_mesh_layer_1_tri_0),
	gsSPDisplayList(mat_revert_mario_shell_hat_v3),
	gsSPDisplayList(mat_mario_shell_white_v3),
	gsSPDisplayList(mario_shell_002_switch_option_RCAP_000_displaylist_003_RCAP_mesh_layer_1_tri_1),
	gsSPDisplayList(mat_revert_mario_shell_white_v3),
	gsSPEndDisplayList(),
};

Gfx mario_shell_002_switch_option_RCAP_000_displaylist_003_RCAP_mesh_layer_1_mat_override_metal_v3_0[] = {
	gsSPDisplayList(mat_mario_shell_metal_v3),
	gsSPDisplayList(mario_shell_002_switch_option_RCAP_000_displaylist_003_RCAP_mesh_layer_1_tri_0),
	gsSPDisplayList(mario_shell_002_switch_option_RCAP_000_displaylist_003_RCAP_mesh_layer_1_tri_1),
	gsSPDisplayList(mat_revert_mario_shell_metal_v3),
	gsSPEndDisplayList(),
};

Gfx mario_shell_002_switch_option_RCAPHAND_000_displaylist_003_RCAPHAND_mesh_layer_1[] = {
	gsSPDisplayList(mat_mario_shell_hat_v3),
	gsSPDisplayList(mario_shell_002_switch_option_RCAPHAND_000_displaylist_003_RCAPHAND_mesh_layer_1_tri_0),
	gsSPDisplayList(mat_revert_mario_shell_hat_v3),
	gsSPDisplayList(mat_mario_shell_white_v3),
	gsSPDisplayList(mario_shell_002_switch_option_RCAPHAND_000_displaylist_003_RCAPHAND_mesh_layer_1_tri_1),
	gsSPDisplayList(mat_revert_mario_shell_white_v3),
	gsSPEndDisplayList(),
};

Gfx mario_shell_002_switch_option_RCAPHAND_000_displaylist_003_RCAPHAND_mesh_layer_1_mat_override_metal_v3_0[] = {
	gsSPDisplayList(mat_mario_shell_metal_v3),
	gsSPDisplayList(mario_shell_002_switch_option_RCAPHAND_000_displaylist_003_RCAPHAND_mesh_layer_1_tri_0),
	gsSPDisplayList(mario_shell_002_switch_option_RCAPHAND_000_displaylist_003_RCAPHAND_mesh_layer_1_tri_1),
	gsSPDisplayList(mat_revert_mario_shell_metal_v3),
	gsSPEndDisplayList(),
};

Gfx mario_shell_002_switch_option_RCAPHAND_000_displaylist_003_RCAPHAND_mesh_layer_4[] = {
	gsSPDisplayList(mat_mario_shell_wingCombined_v3),
	gsSPDisplayList(mario_shell_002_switch_option_RCAPHAND_000_displaylist_003_RCAPHAND_mesh_layer_4_tri_0),
	gsSPDisplayList(mat_revert_mario_shell_wingCombined_v3),
	gsDPPipeSync(),
	gsSPSetGeometryMode(G_LIGHTING),
	gsSPClearGeometryMode(G_TEXTURE_GEN),
	gsDPSetCombineLERP(0, 0, 0, SHADE, 0, 0, 0, ENVIRONMENT, 0, 0, 0, SHADE, 0, 0, 0, ENVIRONMENT),
	gsSPTexture(65535, 65535, 0, 0, 0),
	gsDPSetEnvColor(255, 255, 255, 255),
	gsDPSetAlphaCompare(G_AC_NONE),
	gsSPEndDisplayList(),
};

Gfx mario_shell_002_switch_option_RCAPHAND_000_displaylist_003_RCAPHAND_mesh_layer_4_mat_override_metal_v3_0[] = {
	gsSPDisplayList(mat_mario_shell_metal_v3),
	gsSPDisplayList(mario_shell_002_switch_option_RCAPHAND_000_displaylist_003_RCAPHAND_mesh_layer_4_tri_0),
	gsSPDisplayList(mat_revert_mario_shell_metal_v3),
	gsDPPipeSync(),
	gsSPSetGeometryMode(G_LIGHTING),
	gsSPClearGeometryMode(G_TEXTURE_GEN),
	gsDPSetCombineLERP(0, 0, 0, SHADE, 0, 0, 0, ENVIRONMENT, 0, 0, 0, SHADE, 0, 0, 0, ENVIRONMENT),
	gsSPTexture(65535, 65535, 0, 0, 0),
	gsDPSetEnvColor(255, 255, 255, 255),
	gsDPSetAlphaCompare(G_AC_NONE),
	gsSPEndDisplayList(),
};

Gfx mario_shell_000_offset_009_LThigh_skinned_mesh_layer_1[] = {
	gsSPDisplayList(mat_mario_shell_skin_v3),
	gsSPDisplayList(mario_shell_000_offset_009_LThigh_skinned_mesh_layer_1_tri_0),
	gsSPDisplayList(mat_revert_mario_shell_skin_v3),
	gsSPEndDisplayList(),
};

Gfx mario_shell_000_offset_009_LThigh_skinned_mesh_layer_1_mat_override_metal_v3_0[] = {
	gsSPDisplayList(mat_mario_shell_metal_v3),
	gsSPDisplayList(mario_shell_000_offset_009_LThigh_skinned_mesh_layer_1_tri_0),
	gsSPDisplayList(mat_revert_mario_shell_metal_v3),
	gsSPEndDisplayList(),
};

Gfx mario_shell_000_offset_009_LThigh_mesh_layer_1[] = {
	gsSPDisplayList(mat_mario_shell_skin_v3),
	gsSPDisplayList(mario_shell_000_offset_009_LThigh_mesh_layer_1_tri_0),
	gsSPDisplayList(mat_revert_mario_shell_skin_v3),
	gsSPEndDisplayList(),
};

Gfx mario_shell_000_offset_009_LThigh_mesh_layer_1_mat_override_metal_v3_0[] = {
	gsSPDisplayList(mat_mario_shell_metal_v3),
	gsSPDisplayList(mario_shell_000_offset_009_LThigh_mesh_layer_1_tri_0),
	gsSPDisplayList(mat_revert_mario_shell_metal_v3),
	gsSPEndDisplayList(),
};

Gfx mario_shell_000_offset_010_LLeg_skinned_mesh_layer_1[] = {
	gsSPDisplayList(mat_mario_shell_skin_v3),
	gsSPDisplayList(mario_shell_000_offset_010_LLeg_skinned_mesh_layer_1_tri_0),
	gsSPDisplayList(mat_revert_mario_shell_skin_v3),
	gsSPEndDisplayList(),
};

Gfx mario_shell_000_offset_010_LLeg_skinned_mesh_layer_1_mat_override_metal_v3_0[] = {
	gsSPDisplayList(mat_mario_shell_metal_v3),
	gsSPDisplayList(mario_shell_000_offset_010_LLeg_skinned_mesh_layer_1_tri_0),
	gsSPDisplayList(mat_revert_mario_shell_metal_v3),
	gsSPEndDisplayList(),
};

Gfx mario_shell_000_offset_010_LLeg_mesh_layer_1[] = {
	gsSPDisplayList(mat_mario_shell_skin_v3),
	gsSPDisplayList(mario_shell_000_offset_010_LLeg_mesh_layer_1_tri_0),
	gsSPDisplayList(mat_revert_mario_shell_skin_v3),
	gsSPEndDisplayList(),
};

Gfx mario_shell_000_offset_010_LLeg_mesh_layer_1_mat_override_metal_v3_0[] = {
	gsSPDisplayList(mat_mario_shell_metal_v3),
	gsSPDisplayList(mario_shell_000_offset_010_LLeg_mesh_layer_1_tri_0),
	gsSPDisplayList(mat_revert_mario_shell_metal_v3),
	gsSPEndDisplayList(),
};

Gfx mario_shell_000_offset_011_LFoot_skinned_mesh_layer_1[] = {
	gsSPDisplayList(mat_mario_shell_shoes_v3),
	gsSPDisplayList(mario_shell_000_offset_011_LFoot_skinned_mesh_layer_1_tri_0),
	gsSPDisplayList(mat_revert_mario_shell_shoes_v3),
	gsSPEndDisplayList(),
};

Gfx mario_shell_000_offset_011_LFoot_skinned_mesh_layer_1_mat_override_metal_v3_0[] = {
	gsSPDisplayList(mat_mario_shell_metal_v3),
	gsSPDisplayList(mario_shell_000_offset_011_LFoot_skinned_mesh_layer_1_tri_0),
	gsSPDisplayList(mat_revert_mario_shell_metal_v3),
	gsSPEndDisplayList(),
};

Gfx mario_shell_000_offset_011_LFoot_mesh_layer_1[] = {
	gsSPDisplayList(mat_mario_shell_shoes_v3),
	gsSPDisplayList(mario_shell_000_offset_011_LFoot_mesh_layer_1_tri_0),
	gsSPDisplayList(mat_revert_mario_shell_shoes_v3),
	gsSPDisplayList(mat_mario_shell_white_v3),
	gsSPDisplayList(mario_shell_000_offset_011_LFoot_mesh_layer_1_tri_1),
	gsSPDisplayList(mat_revert_mario_shell_white_v3),
	gsSPDisplayList(mat_mario_shell_shoes_v3),
	gsSPDisplayList(mario_shell_000_offset_011_LFoot_mesh_layer_1_tri_2),
	gsSPDisplayList(mat_revert_mario_shell_shoes_v3),
	gsSPEndDisplayList(),
};

Gfx mario_shell_000_offset_011_LFoot_mesh_layer_1_mat_override_metal_v3_0[] = {
	gsSPDisplayList(mat_mario_shell_metal_v3),
	gsSPDisplayList(mario_shell_000_offset_011_LFoot_mesh_layer_1_tri_0),
	gsSPDisplayList(mario_shell_000_offset_011_LFoot_mesh_layer_1_tri_1),
	gsSPDisplayList(mario_shell_000_offset_011_LFoot_mesh_layer_1_tri_2),
	gsSPDisplayList(mat_revert_mario_shell_metal_v3),
	gsSPEndDisplayList(),
};

Gfx mario_shell_000_offset_012_RThigh_skinned_mesh_layer_1[] = {
	gsSPDisplayList(mat_mario_shell_skin_v3),
	gsSPDisplayList(mario_shell_000_offset_012_RThigh_skinned_mesh_layer_1_tri_0),
	gsSPDisplayList(mat_revert_mario_shell_skin_v3),
	gsSPEndDisplayList(),
};

Gfx mario_shell_000_offset_012_RThigh_skinned_mesh_layer_1_mat_override_metal_v3_0[] = {
	gsSPDisplayList(mat_mario_shell_metal_v3),
	gsSPDisplayList(mario_shell_000_offset_012_RThigh_skinned_mesh_layer_1_tri_0),
	gsSPDisplayList(mat_revert_mario_shell_metal_v3),
	gsSPEndDisplayList(),
};

Gfx mario_shell_000_offset_012_RThigh_mesh_layer_1[] = {
	gsSPDisplayList(mat_mario_shell_skin_v3),
	gsSPDisplayList(mario_shell_000_offset_012_RThigh_mesh_layer_1_tri_0),
	gsSPDisplayList(mat_revert_mario_shell_skin_v3),
	gsSPEndDisplayList(),
};

Gfx mario_shell_000_offset_012_RThigh_mesh_layer_1_mat_override_metal_v3_0[] = {
	gsSPDisplayList(mat_mario_shell_metal_v3),
	gsSPDisplayList(mario_shell_000_offset_012_RThigh_mesh_layer_1_tri_0),
	gsSPDisplayList(mat_revert_mario_shell_metal_v3),
	gsSPEndDisplayList(),
};

Gfx mario_shell_000_offset_013_RLeg_skinned_mesh_layer_1[] = {
	gsSPDisplayList(mat_mario_shell_skin_v3),
	gsSPDisplayList(mario_shell_000_offset_013_RLeg_skinned_mesh_layer_1_tri_0),
	gsSPDisplayList(mat_revert_mario_shell_skin_v3),
	gsSPEndDisplayList(),
};

Gfx mario_shell_000_offset_013_RLeg_skinned_mesh_layer_1_mat_override_metal_v3_0[] = {
	gsSPDisplayList(mat_mario_shell_metal_v3),
	gsSPDisplayList(mario_shell_000_offset_013_RLeg_skinned_mesh_layer_1_tri_0),
	gsSPDisplayList(mat_revert_mario_shell_metal_v3),
	gsSPEndDisplayList(),
};

Gfx mario_shell_000_offset_013_RLeg_mesh_layer_1[] = {
	gsSPDisplayList(mat_mario_shell_skin_v3),
	gsSPDisplayList(mario_shell_000_offset_013_RLeg_mesh_layer_1_tri_0),
	gsSPDisplayList(mat_revert_mario_shell_skin_v3),
	gsSPEndDisplayList(),
};

Gfx mario_shell_000_offset_013_RLeg_mesh_layer_1_mat_override_metal_v3_0[] = {
	gsSPDisplayList(mat_mario_shell_metal_v3),
	gsSPDisplayList(mario_shell_000_offset_013_RLeg_mesh_layer_1_tri_0),
	gsSPDisplayList(mat_revert_mario_shell_metal_v3),
	gsSPEndDisplayList(),
};

Gfx mario_shell_000_displaylist_005_RFoot_skinned_mesh_layer_1[] = {
	gsSPDisplayList(mat_mario_shell_shoes_v3),
	gsSPDisplayList(mario_shell_000_displaylist_005_RFoot_skinned_mesh_layer_1_tri_0),
	gsSPDisplayList(mat_revert_mario_shell_shoes_v3),
	gsSPEndDisplayList(),
};

Gfx mario_shell_000_displaylist_005_RFoot_skinned_mesh_layer_1_mat_override_metal_v3_0[] = {
	gsSPDisplayList(mat_mario_shell_metal_v3),
	gsSPDisplayList(mario_shell_000_displaylist_005_RFoot_skinned_mesh_layer_1_tri_0),
	gsSPDisplayList(mat_revert_mario_shell_metal_v3),
	gsSPEndDisplayList(),
};

Gfx mario_shell_000_displaylist_005_RFoot_mesh_layer_1[] = {
	gsSPDisplayList(mat_mario_shell_shoes_v3),
	gsSPDisplayList(mario_shell_000_displaylist_005_RFoot_mesh_layer_1_tri_0),
	gsSPDisplayList(mat_revert_mario_shell_shoes_v3),
	gsSPDisplayList(mat_mario_shell_white_v3),
	gsSPDisplayList(mario_shell_000_displaylist_005_RFoot_mesh_layer_1_tri_1),
	gsSPDisplayList(mat_revert_mario_shell_white_v3),
	gsSPDisplayList(mat_mario_shell_shoes_v3),
	gsSPDisplayList(mario_shell_000_displaylist_005_RFoot_mesh_layer_1_tri_2),
	gsSPDisplayList(mat_revert_mario_shell_shoes_v3),
	gsDPPipeSync(),
	gsSPSetGeometryMode(G_LIGHTING),
	gsSPClearGeometryMode(G_TEXTURE_GEN),
	gsDPSetCombineLERP(0, 0, 0, SHADE, 0, 0, 0, ENVIRONMENT, 0, 0, 0, SHADE, 0, 0, 0, ENVIRONMENT),
	gsSPTexture(65535, 65535, 0, 0, 0),
	gsDPSetEnvColor(255, 255, 255, 255),
	gsDPSetAlphaCompare(G_AC_NONE),
	gsSPEndDisplayList(),
};

Gfx mario_shell_000_displaylist_005_RFoot_mesh_layer_1_mat_override_metal_v3_0[] = {
	gsSPDisplayList(mat_mario_shell_metal_v3),
	gsSPDisplayList(mario_shell_000_displaylist_005_RFoot_mesh_layer_1_tri_0),
	gsSPDisplayList(mario_shell_000_displaylist_005_RFoot_mesh_layer_1_tri_1),
	gsSPDisplayList(mario_shell_000_displaylist_005_RFoot_mesh_layer_1_tri_2),
	gsSPDisplayList(mat_revert_mario_shell_metal_v3),
	gsDPPipeSync(),
	gsSPSetGeometryMode(G_LIGHTING),
	gsSPClearGeometryMode(G_TEXTURE_GEN),
	gsDPSetCombineLERP(0, 0, 0, SHADE, 0, 0, 0, ENVIRONMENT, 0, 0, 0, SHADE, 0, 0, 0, ENVIRONMENT),
	gsSPTexture(65535, 65535, 0, 0, 0),
	gsDPSetEnvColor(255, 255, 255, 255),
	gsDPSetAlphaCompare(G_AC_NONE),
	gsSPEndDisplayList(),
};

